clip_id,legacy_region_tr_hand_pve_mm,legacy_region_tr_left_hand_pve_mm,legacy_region_tr_right_hand_pve_mm,root_aligned_body_mpjpe_mm,root_aligned_body_pve_mm,root_aligned_hand_pve_mm,root_aligned_left_hand_pve_mm,root_aligned_right_hand_pve_mm,temporal_body_acceleration_error_mm_per_s2,temporal_body_high_frequency_energy_ratio,temporal_body_jerk_error_mm_per_s3,temporal_body_motion_amplitude_ratio,temporal_body_spectral_l1_distance,temporal_body_velocity_error_mm_per_s,temporal_hand_acceleration_error_mm_per_s2,temporal_hand_high_frequency_energy_ratio,temporal_hand_jerk_error_mm_per_s3,temporal_hand_motion_amplitude_ratio,temporal_hand_spectral_l1_distance,temporal_hand_velocity_error_mm_per_s,temporal_left_hand_acceleration_error_mm_per_s2,temporal_left_hand_high_frequency_energy_ratio,temporal_left_hand_jerk_error_mm_per_s3,temporal_left_hand_motion_amplitude_ratio,temporal_left_hand_spectral_l1_distance,temporal_left_hand_velocity_error_mm_per_s,temporal_right_hand_acceleration_error_mm_per_s2,temporal_right_hand_high_frequency_energy_ratio,temporal_right_hand_jerk_error_mm_per_s3,temporal_right_hand_motion_amplitude_ratio,temporal_right_hand_spectral_l1_distance,temporal_right_hand_velocity_error_mm_per_s,wrist_aligned_hand_pve_mm,wrist_aligned_left_hand_pve_mm,wrist_aligned_right_hand_pve_mm
Ablehnen,12.240892007035542,13.708953862659625,10.772830151411458,62.41511675676346,52.78802767708402,74.20903923701903,49.42898345130875,98.98909502272923,2811.6914160807482,0.9687579791960508,81227.48550136283,0.8740403130474358,0.03384295108179412,119.2761040702913,3320.7614282797235,1.0655516281840787,89457.61439551905,0.9499240337712842,0.07362994382820053,178.43583158402507,2671.0831009700255,1.1593010218221567,79192.95074315551,1.0712335744073906,0.11733637437028324,120.8394914818538,3970.4397555894216,0.9718022345460008,99722.27804788257,0.8286144931351779,0.02992351328611782,236.03217168619634,18.7823305739517,18.83421358337185,18.730447564531556
Akzeptieren,7.6393314385496485,8.714191200765882,6.564471676333415,59.441043411096544,47.173322153323,73.10681529606416,74.1341703292259,72.0794602629024,3340.6622297228473,1.5011287501573167,94760.69246832248,0.9733272750243335,0.17788182347137607,131.0111524596802,3881.054633833825,1.2586986208683975,109182.33969773047,0.9626580778645377,0.15083641855074587,160.56517193735812,4045.1301368186696,1.394795625927646,113101.11350212329,1.0414665417072606,0.14081056671515088,164.22275488714678,3716.9791308489803,1.1226016158091492,105263.56589333764,0.8838496140218149,0.16086227038634085,156.90758898756943,14.363037242972007,18.90272660397133,9.823347881972683
Arzt,8.905087734941768,9.691220513173064,8.118954956710478,68.24990881881548,52.133667263685346,53.94721270392673,54.39264420375372,53.50178120409975,1598.1373268735608,0.9233306084426628,40654.24860374137,1.563525024114797,0.378168519618841,70.78836265297763,2122.985939953026,1.4183858874672968,55001.03735085589,1.520438552741965,0.20789375725404247,87.54234160620885,2302.1599153599395,1.8227953224876106,59245.33435264579,2.029434945924781,0.32943850519950074,90.94658525851793,1943.811964546113,1.0139764524469828,50756.74034906599,1.0114421595591492,0.0863490093085842,84.13809795389979,16.274590592932434,23.1889947515584,9.360186434306474
AufgebenResignieren,11.356543611164087,11.72073991404452,10.992347308283648,54.155739488954794,46.4425365408453,73.19894615865665,72.78201112144943,73.61588119586388,3857.7187929656407,1.8888597199331578,99337.64724826418,1.1285795954553945,0.26378753876136385,169.81707398317164,5959.156656877035,1.624433937552447,139695.89149336034,1.1016781385004117,0.24271237291819622,298.3807926269081,6090.419488605906,1.9537963567702301,147849.82946610093,1.141253568428149,0.1943284818225327,285.30499224444134,5827.893825148164,1.2950715183346642,131541.95352061975,1.0621027085726742,0.29109626401385974,311.45659300937484,24.986022727034797,28.225423297478223,21.746622156591375
AusgebenGeldVerschwenden,13.027341486222069,12.322590540838156,13.732092431605981,56.97339050381129,51.489715509692466,74.33859235121803,62.785085792003585,85.89209891043248,4196.423530565596,1.3988486179778137,113903.7388115938,0.9068377696295249,0.16736287987203347,183.32101176809454,5373.43753899605,1.7524549596803858,139353.04503399748,0.8519190111689259,0.13633728853035207,268.80342498787047,4984.1984071805,2.3343718629732404,125047.31132876752,0.8374808943002546,0.17124944617797833,221.19749773609794,5762.676670811599,1.1705380563875312,153658.77873922742,0.8663571280375972,0.10142513088272583,316.40935223964306,28.66699551728835,18.421697539006857,38.91229349556984
Auto,13.505015505830428,13.080201855676263,13.929829155984596,50.80542737229754,41.45025958743696,55.9949365276018,56.78125196456213,55.20862109064147,3231.9201856052964,1.773439353708784,87333.14376913446,1.0284097699820298,0.060820841903114126,140.81033072915992,4237.3357231458895,1.3198506475114384,108851.61769490286,1.0021648526254625,0.06010905039475195,216.76313078052374,4704.885778649407,1.2524489111181252,118067.16345743698,0.9993077794604525,0.05387938348692036,220.56973351843595,3769.785667642372,1.387252383904752,99636.07193236874,1.0050219257904724,0.06633871730258353,212.95652804261155,21.259383494138177,21.413489219661077,21.105277768615288
BesuchenEinmischen,15.549219084793195,17.218117786613625,13.880320382972767,50.17760947831089,48.79572319507681,64.01257751750366,60.31048602783712,67.7146690071702,4418.723489979021,1.6794803172879347,117674.12795030694,1.0714348469917419,0.16804525516197594,187.58689827549964,6800.260692429691,1.5097165118221767,179546.52867912495,1.0395273926193505,0.15104655269773118,278.98025147750207,7314.917436207417,1.790284128332675,195103.35598087165,1.153509432909286,0.23342389038463357,286.2689699331592,6285.603948651965,1.2291488953116787,163989.70137737828,0.9255453523294147,0.0686692150108288,271.6915330218449,25.616762350341844,26.600706218311522,24.632818482372162
Blitz,13.663853691814381,,13.663853691814381,51.462896944909595,70.9106849921932,63.220817566694386,,63.220817566694386,4767.54680707399,1.1991053208555544,126208.55373456232,1.0716514531833958,0.04341537073047442,205.82233061357812,3933.6553917334572,0.9323493981135521,93640.63471185125,1.0238248585103653,0.03974922399187625,211.37690793979073,,,,,,,3933.6553917334572,0.9323493981135521,93640.63471185125,1.0238248585103653,0.03974922399187625,211.37690793979073,19.21503279951693,,19.21503279951693
Blume,15.7367637522804,20.895486360454072,10.57804114410672,66.02936760307713,53.58569612141942,64.23264262371629,61.51015234591824,66.95513290151435,5746.285309812948,1.443975338447332,154550.0931709438,1.0213289549512938,0.16611517391337596,220.08507504656654,5886.154722694846,1.2810299019472964,157899.8857670652,0.9271258546170171,0.12063295521980144,236.46232531195713,4491.742347267731,1.492052098934686,122249.15944327791,0.88897941672282,0.1775653373559496,182.23471817392692,7280.567098121961,1.0700077049599068,193550.61209085246,0.9652722925112143,0.06370057308365328,290.68993244998734,22.42707340265563,30.66642462637311,14.18772217893815
Boese,22.05771070217517,,22.05771070217517,49.24707548462366,68.42527261640977,90.51152955825619,,90.51152955825619,5821.381026259898,1.055294471918615,150674.61495952893,2.5269746106796345,0.20745669411004145,260.3526284215462,11411.945511711538,0.9047167357179766,224137.724999593,2.2424345205979037,0.29386095849637056,639.6728367459198,,,,,,,11411.945511711538,0.9047167357179766,224137.724999593,2.2424345205979037,0.29386095849637056,639.6728367459198,46.584256813357634,,46.584256813357634
BroetchenAufschneiden,11.899605935215886,11.73766396803358,12.061547902398189,50.39343729911934,54.59893462083298,62.47517330357715,67.79521292231617,57.15513368483814,2942.171959836772,1.6863186909056764,76036.134715468,0.9773776811296385,0.15017324912701344,127.81475047954788,4857.385191908182,4.380429103683079,131398.94528586767,0.8977757310603642,0.6142333677800448,203.64384527461678,3534.0511057113654,7.59419310536932,96109.89721243698,0.8177456778341652,1.0955427204607118,144.78030165918125,6180.719278104998,1.1666651019968388,166687.99335929833,0.9778057842865632,0.1329240150993777,262.5073888900523,26.65018554812904,30.302510344621748,22.997860751636335
Dort,12.191432291414172,,12.191432291414172,49.82651285354881,61.12084024420952,73.70593341466325,,73.70593341466325,4585.560078774275,1.2670710316921712,123482.89211237078,1.0703423067264373,0.19973780575400604,188.66589667253498,6075.672831622625,0.8454392269803169,176937.77529799746,0.8535706437345808,0.14658163445387665,255.0644649867319,,,,,,,6075.672831622625,0.8454392269803169,176937.77529799746,0.8535706437345808,0.14658163445387665,255.0644649867319,14.465498008921681,,14.465498008921681
Duenn,17.85842208503098,,17.85842208503098,55.5899754264241,62.3332564590624,67.06866095286989,,67.06866095286989,5053.933069452396,1.8566342609609914,133451.82057880258,1.2120750022221,0.21429423863426517,197.60659002826327,3282.0956022521573,1.0839157381499407,87133.27441824894,1.0580364841709542,0.03226136120101637,136.20873572459087,,,,,,,3282.0956022521573,1.0839157381499407,87133.27441824894,1.0580364841709542,0.03226136120101637,136.20873572459087,17.754736606828555,,17.754736606828555
Einkaufen,14.570947426786704,13.298529409639587,15.843365443933827,58.60004975700657,48.57893844248572,58.99436182801268,62.022110082166506,55.966613573858844,3140.785689263648,1.148444368836128,78215.14547572366,0.9811925972637616,0.11223112091426928,141.14970515453868,4238.357932541974,1.585431443050609,105369.64762456111,0.9934659443617015,0.10558850813078978,209.74435128105108,3723.2468116190676,2.11851542582235,91852.00168833802,1.0405792065869304,0.17149400542885118,167.8970202019719,4753.469053464881,1.0523474602788674,118887.29356078421,0.9463526821364728,0.039683010832728384,251.59168236013025,23.88458110140174,18.204152264416678,29.565009938386794
Einnehmen,16.2139820041487,16.689486127716417,15.738477880580986,51.3658903654822,52.09244013367761,72.5157778656808,71.13889360916919,73.89266212219248,3423.152408672954,1.5189893886971073,86540.64334137845,1.0035796664194774,0.21628378227909595,161.71283916757233,3775.2980287347236,1.2297815400327226,90579.61202505886,1.1161367434790936,0.19165931822889687,184.18774516394538,2825.8705804510823,0.9181190902319918,71862.08267780211,1.3525178807837157,0.2452917475363097,133.45281896518676,4724.7254770183645,1.5414439898334535,109297.14137231559,0.8797556061744717,0.13802688892148404,234.922671362704,23.808456260338147,27.10565877503669,20.5112537456396
EinstellenJob,11.97082437408756,15.186179709555878,8.755469038619244,54.218661476692375,43.617434179525745,69.76609877165377,57.9589026334629,81.57329490984465,3620.649224743282,1.1618836345806574,103108.2064642474,0.9860369673066517,0.07502844668734503,139.4571798290711,3935.059872123299,1.4979023249105208,111241.37784363783,1.7859707889488796,0.09567455446229926,160.4818793144875,3698.6548398178497,1.9264138672764795,105523.58433836559,2.6033322053778756,0.1399625391778545,153.13693435623713,4171.464904428748,1.069390782544562,116959.17134891007,0.9686093725198835,0.05138656974674403,167.82682427273784,23.405214465023946,27.946295464806333,18.864133465241565
EisGefroren,11.674466653467618,11.353839317869705,11.995093989065529,49.392659958247656,43.5757134880358,62.85969682528888,47.72647066028898,77.99292299028876,2729.6550825319378,1.1076615740193345,75421.81239168666,1.0917779680796573,0.04699060859080427,111.00945661958869,4181.91609185062,1.0889783047207076,113826.46337744946,1.0872390665850649,0.04300730537460649,172.78464629040727,4554.510019488501,1.0981372064906387,125829.93149345819,1.1555530660965103,0.04150505851235289,183.11581399052037,3809.322164212741,1.0798194029507764,101822.99526144074,1.0189250670736192,0.04450955223686009,162.45347859029417,22.522888904733875,24.603640450061796,20.44213735940595
Empathie,12.384241363335725,12.52982678403491,12.238655942636544,62.3545230525749,56.93382106381673,81.270930695302,51.4147455848562,111.12711580574778,4037.303631329565,0.9325089769820405,111660.66201977782,0.8585044211590933,0.06197043657161147,162.8480202451007,5388.597516439733,0.9545461974328447,150873.13270721905,0.8709784781769621,0.18957271809055426,234.5543517154339,4528.539283606079,1.433690548612983,121665.00438025135,0.9413667185564716,0.2100650769170132,193.9481536269539,6248.655749273388,0.4754018462527066,180081.26103418675,0.8005902377974524,0.16908035926409534,275.1605498039139,24.031883851562714,28.079041724155307,19.984725978970115
Entschuldigung,16.51546554706409,15.415232147604376,17.6156989465238,49.692136230034016,51.72881031226636,71.1584926341375,73.68584156809968,68.63114370017534,3396.3382346590347,3.102315422498161,85909.79274040113,1.787772940960666,0.4443649306230554,162.20979302291366,4001.1130431334677,2.02657975499814,101361.04364222893,1.5605773181051046,0.6190272192248142,187.93534255199262,4133.579994378396,1.5277091849742386,106164.93454770946,1.6811683512017788,0.5709037823308822,196.81162686191624,3868.646091888539,2.525450325022041,96557.15273674842,1.4399862850084304,0.6671506561187461,179.05905824206897,30.842773059874485,31.576541219957477,30.109004899791497
FestellenDiagnose,14.500961242525836,13.478113602417334,15.523808882634341,78.55851468125579,59.47871756361166,79.66242932224493,64.88422066920042,94.44063797528942,3010.490870032761,1.5811236528953307,82084.61823444109,0.9562217166272038,0.11564479125616237,124.32635898201566,4383.971991227823,2.3722576402245448,124771.06670123243,0.8258957582635492,0.3254372120680781,170.2340169235678,4856.820906856591,3.760777946027399,137799.1588991394,0.7009851579084372,0.6107560194728845,188.8626336033526,3911.1230755990555,0.9837373344216909,111742.97450332543,0.9508063586186613,0.040118404663271635,151.60540024378298,27.907949999646984,24.128660145512203,31.68723985378176
Frech,13.674086827256033,,13.674086827256033,50.77508598966493,76.29969360470933,74.55119695874934,,74.55119695874934,3974.3326043811066,1.289880618701824,105399.3851475297,1.1305143519593686,0.02646884947383608,179.27434198292767,4052.545304786923,0.9954542654877654,106334.41154706356,0.9603223960849735,0.014872039787324586,221.10794025825678,,,,,,,4052.545304786923,0.9954542654877654,106334.41154706356,0.9603223960849735,0.014872039787324586,221.10794025825678,27.178251954533643,,27.178251954533643
Frieren,13.835116399838622,12.391025537010934,15.279207262666313,53.30444346910487,43.82602398748961,53.608141684301195,58.93745542554933,48.27882794305305,3049.20176531892,0.6399860372346751,84735.66649415265,2.256745372430092,0.4277911873844088,117.46322115376107,3061.962563065079,0.9485620117872113,81426.49268451627,1.3092599463195742,0.22413364234399769,130.08415248993077,2567.7052402777504,0.88947085041976,64118.20599720154,1.4090071733374276,0.19264309948308017,110.6780332354468,3556.219885852407,1.0076531731546625,98734.779371831,1.2095127193017206,0.2556241852049152,149.49027174441474,24.657410278767703,21.79378859311899,27.521031964416423
Frisch,14.254175031472606,15.615532468358579,12.892817594586635,52.67330729669238,67.17647701997176,85.67316186804334,80.47923582236307,90.86708791372362,3962.4509541687266,1.2440569771187322,101369.34411042633,1.0853674658310648,0.04227960414150031,180.89823702363688,4643.087687329646,1.0409051243268883,123093.21138977556,1.02012082578231,0.029983576933088486,232.75424763546562,4582.044860167789,1.0430445291120154,121219.04317974845,1.0133250815672512,0.019304638812401357,229.22053216040806,4704.130514491501,1.0387657195417614,124967.37959980268,1.026916569997369,0.04066251505377561,236.28796311052318,22.21388171803575,26.68171911185349,17.746044324218015
Froh,13.04058891229876,12.409573647435252,13.671604177162271,58.625482070343544,50.133462533990546,68.93693759059849,49.645867846506874,88.22800733469008,4545.96984076877,2.4715316297545247,117395.45464640795,1.200132497508887,0.3500630638792126,216.16918018091474,8047.5332870256425,1.948673730251469,199580.34419210334,1.1377351674170533,0.2204035696159803,409.75188488633955,9489.764094954744,2.0952216413706855,220022.8271134499,1.2837903404007696,0.26220736705974024,479.8599914942809,6605.302479096541,1.8021258191322522,179137.86127075678,0.9916799944333371,0.17859977217222037,339.64377827839826,20.01355368019342,17.452008529810662,22.575098830576177
Glas,13.614206073928194,13.690433203513741,13.537978944342651,48.68568981361623,43.71283312723249,50.093194470125496,38.46041037253276,61.72597856771823,3273.4273226416467,1.4600154204557994,88886.16095101707,1.0153243560440295,0.10307003714771092,126.198361459817,3309.5052545413546,1.2007462069560684,89172.0311395032,1.0057703973975565,0.09450854819113705,136.64202279135117,2857.319793320254,1.1971224904962166,71067.27902480468,0.8935354565201288,0.1181289304775494,121.88392699716965,3761.690715762455,1.20436992341592,107276.78325420173,1.1180053382749842,0.0708881659047247,151.40011858553268,19.910261870645147,21.508520165020048,18.312003576270243
IdiomPffIgnorieren,14.847075792591525,15.35714024288411,14.33701134229894,75.39448735618873,56.8959188120038,73.68159798771275,65.67461846933634,81.68857750608916,1928.7312392565807,0.8750203863827548,50900.70938042335,1.2003296478934509,0.09609716902916032,89.90493729559557,3291.6954177910693,0.9657591467234156,86416.5809649457,1.2050125000580079,0.11688491405611803,152.47829710524627,3195.0451838553704,1.0608353682356306,88474.8096092925,1.2475296588261369,0.13045589785893086,134.8727453502523,3388.345651726768,0.8706829252112005,84358.35232059887,1.1624953412898786,0.10331393025330521,170.08384886024024,26.201992632322266,24.605888861529323,27.79809640311521
Jahr,16.238184316004133,,16.238184316004133,48.96637122245992,58.935358215463225,61.08649544893101,,61.08649544893101,5436.471544229219,14.123959459560679,144006.89663222994,1.082605506777158,0.13634277910180817,239.9986176055576,5507.288680941758,1.5695171683702502,141245.95750942227,1.0057047718021626,0.019136009157639973,311.73325769597307,,,,,,,5507.288680941758,1.5695171683702502,141245.95750942227,1.0057047718021626,0.019136009157639973,311.73325769597307,17.55380990133575,,17.55380990133575
Klar,14.521524942718285,,14.521524942718285,46.67399261533046,59.33132984073904,56.5325322088743,,56.5325322088743,3940.3240397160125,1.4332847939387705,99513.92933943907,1.0202347122711006,0.08347007540114919,173.0666016740495,5884.27545810318,1.1413770305020707,147631.41401438438,0.9385135970444015,0.02652153184780283,273.9158512730817,,,,,,,5884.27545810318,1.1413770305020707,147631.41401438438,0.9385135970444015,0.02652153184780283,273.9158512730817,22.48536125823876,,22.48536125823876
Kochen,14.813067711988197,11.461981205804005,18.16415421817238,51.71486299012114,53.88516423948878,65.88415325878,77.06712103253662,54.701185485023416,4784.506984130675,3.855045078288874,133519.83431759055,1.151839535745544,0.4344526537550675,185.51194517976182,6462.289693741812,2.84604247739811,184148.5598161177,1.5064975502607394,0.5772563400920195,256.6708691163435,6664.397168272209,3.975368093823872,189206.42121413152,2.0749375926701834,0.8748892295408163,256.68572407869834,6260.182219211415,1.716716860972348,179090.6984181039,0.9380575078512953,0.27962345064322286,256.65601415398874,19.994448008767286,15.483108516779238,24.505787500755332
Lesen,11.413542804264111,11.002545053326994,11.82454055520122,58.96508970363386,52.109141835478205,78.22319442939842,102.26668675549875,54.1797021032981,3316.6504473801074,1.177461206210218,89870.89504832712,1.0193632059962117,0.10273905326574365,134.66557838903856,3773.8073548200337,1.4522806812379798,99984.79525098184,1.3963232850609717,0.21881257050884212,158.79667750159732,3024.585689850074,1.9164366456122168,82091.64490432359,1.807194387558482,0.37056406526820446,129.72909697698464,4523.029019789994,0.988124716863743,117877.94559764008,0.9854521825634615,0.06706107574947975,187.86425802621,17.173843506461658,19.58661930586604,14.761067707057276
LiebBitte,13.956421722810761,,13.956421722810761,50.88934733388229,73.87201620433993,85.24553409219324,,85.24553409219324,3160.0378258257892,2.0576480596653064,78325.6492955419,2.3296249288128967,0.6446580607631661,141.75175380535137,3710.7895608302742,0.8290858376398755,92473.60749325296,1.1640330079165193,0.1583999180414444,160.2727109092606,,,,,,,3710.7895608302742,0.8290858376398755,92473.60749325296,1.1640330079165193,0.1583999180414444,160.2727109092606,25.32814083963556,,25.32814083963556
Luegen,14.792287522647612,,14.792287522647612,52.3893043905422,76.98782859962249,60.97053597700492,,60.97053597700492,5171.94813358584,1.348064823511358,135841.35982898934,1.884699409402051,0.3419790927504934,245.5670406632458,4046.156243883165,1.0396886815992996,111295.03389968236,0.8710096657718417,0.04018841624909894,196.98144833015834,,,,,,,4046.156243883165,1.0396886815992996,111295.03389968236,0.8710096657718417,0.04018841624909894,196.98144833015834,25.13942459424791,,25.13942459424791
Muell,16.393407911399937,,16.393407911399937,57.12581726348241,85.3314203543018,92.93401246073668,,92.93401246073668,6774.764489771921,1.2601604180171346,194360.53071766076,1.0124741173337077,0.07033838167531653,269.30177270094447,5876.292393975432,0.9631063988049031,157341.4250038317,0.9651157209045742,0.013686948110248417,268.37070399603914,,,,,,,5876.292393975432,0.9631063988049031,157341.4250038317,0.9651157209045742,0.013686948110248417,268.37070399603914,22.058121182693508,,22.058121182693508
Mutter,11.263499186910314,,11.263499186910314,53.314433713532935,75.87699836070784,60.70598906396324,,60.70598906396324,3652.750132158627,3.010670823531996,97068.28689537442,1.186693520906994,0.5411475680677579,153.80186705822868,3803.386499071098,1.5784645250069707,98900.46929566306,0.8730918264403824,0.1296120889996878,179.98509264308868,,,,,,,3803.386499071098,1.5784645250069707,98900.46929566306,0.8730918264403824,0.1296120889996878,179.98509264308868,20.94227438874835,,20.94227438874835
Naehen,15.84846936991302,18.929142900059066,12.767795839766974,55.901339982044554,43.57691037568188,53.77650303387568,51.79333419078832,55.75967187696302,5436.88071313138,12.48639178907493,157638.29026536748,1.0677772965661227,0.26660693236423516,198.54586238132302,5208.681819692216,3.6256417072056095,149788.4987651492,1.2459682407106554,0.3430593315543168,201.28262766203977,4326.277736288479,3.972300575172574,123251.19487947418,1.5295993316785539,0.6444876670150415,165.3298522049443,6091.085903095952,3.278982839238645,176325.80265082425,0.9623371497427569,0.041630996093592054,237.23540311913524,22.683420720227705,26.15008495426497,19.216756486190448
Nebel,8.625047105930289,9.317496587624888,7.932597624235687,49.43651904027587,43.59032853379522,53.185332076140384,50.402993111043756,55.96767104123701,4687.781435611914,1.2175895726115542,113926.44215798327,1.1518562410325843,0.12258142136644136,204.19855096156877,4176.55508710009,1.0202408001460386,107742.71111493473,1.064844369901184,0.04284677007273914,197.2931925989556,4273.844263375681,1.0251774220857748,109101.82326903015,1.0739321243291367,0.04199071681195827,200.56681147847073,4079.265910824498,1.0153041782063021,106383.5989608393,1.0557566154732314,0.04370282333352001,194.01957371944047,15.192888078860792,16.687611651289235,13.698164506432354
Neu,13.8521828039983,16.942269854043463,10.762095753953133,58.28579379841074,44.31455795053284,60.283541218376044,48.88500228301889,71.6820801537332,2884.549134986424,1.0156953073710633,69558.2098304213,0.9818538890849813,0.013352573596078436,138.26635976471596,4065.350082842122,0.9920957215346424,97903.46740377581,0.9703876094644105,0.03378164658068748,206.16845576545262,3831.2494580458856,1.0356336349600073,93019.46467932072,0.9667072725573986,0.03622407318072612,182.07698326334884,4299.450707638359,0.9485578081092776,102787.47012823088,0.9740679463714224,0.03133921998064884,230.25992826755638,18.85316596409463,23.134854905829393,14.571477022359868
Operieren,12.095619093824876,14.546933181783048,9.644305005866702,52.726754971279014,38.91884974644227,49.56842549888129,47.372135845291865,51.764715152470714,2339.026081813324,1.8746819982059015,59650.74422468299,0.9506553076614089,0.15466630422299454,99.10942697553502,3327.307518021119,2.9484471435101867,86664.09576875556,1.2259761959689914,0.40488770988048706,145.43092104218513,3266.969364114066,4.6682360161670475,82652.87467719238,1.5820981952305722,0.7658946796306527,144.45810554231844,3387.645671928172,1.2286582708533256,90675.31686031874,0.8698541967074108,0.04388074013032134,146.40373654205183,19.487122366921568,27.21344301646526,11.760801717377875
Regen,9.234741690924468,8.806849934159946,9.662633447688991,46.99617538944864,42.52253365596175,60.22600142053019,58.24958285376328,62.202419987297084,5427.235105139815,1.146145833596349,146099.70028704772,1.0662963171184066,0.09121533535517258,230.2605778933148,6494.413694451856,1.0597239837186916,167545.98944386467,1.039205771194133,0.07201076135503051,306.7754721597703,6886.09007825978,1.0707362296166827,168908.642223203,1.0495142173352006,0.09040719215797305,334.2218513644369,6102.737310643932,1.0487117378207005,166183.33666452634,1.0288973250530653,0.053614330552087974,279.3290929551037,18.212302157162323,18.314042793527623,18.110561520797024
SauerWuetend,12.657520183819285,,12.657520183819285,54.13539820543119,85.23261436271265,47.15641636363063,,47.15641636363063,7566.632718803529,1.462442025502708,212515.09656258975,1.4545238284687363,0.48259181435053256,289.7530834617553,6496.176012210328,0.9286723476800408,176996.17941342914,1.0266903244452965,0.17544072114070616,287.526700019489,,,,,,,6496.176012210328,0.9286723476800408,176996.17941342914,1.0266903244452965,0.17544072114070616,287.526700019489,22.91869215527728,,22.91869215527728
Schnee,9.142567285515788,8.82800748458427,9.457127086447304,44.45374143117434,42.53248954429541,65.45184652393274,61.60595832083646,69.29773472702905,4515.597513965638,1.0748779842121814,119097.54630728027,1.0549509064216123,0.06284745622904264,187.74882912335966,5696.862168212421,1.020071661780237,148370.8151485612,1.0289188238219635,0.04289501731699932,243.2442881215586,5608.5082074112925,1.0338124419111356,145129.34051620035,1.037979328827206,0.04821646933294222,241.5796191274611,5785.216129013549,1.0063308816493381,151612.28978092203,1.019858318816721,0.037573565301056426,244.90895711565616,17.64417817225513,18.54316454245403,16.745191802056233
Schreiben,11.765591444435849,14.351852520484037,9.17933036838766,62.81953329484224,53.14252881000725,61.15963513029232,53.23574706501788,69.08352319556673,4054.085430478847,2.093939366080893,109924.87378945498,1.0772124971358967,0.209395500869034,166.4627284699885,3873.3123882969167,1.6577738970648936,103066.55983283979,0.9816057244428522,0.2579191522129826,164.84526405071247,4170.296876105583,2.138259251008928,112626.83019165373,0.989941194238494,0.4566348166253539,175.40469444623608,3576.32790048825,1.1772885431208595,93506.28947402586,0.9732702546472103,0.05920348780061134,154.28583365518887,19.257840449991598,21.62249927828377,16.89318162169943
Schwach,12.593635352325125,13.200177857123109,11.987092847527144,55.68657061863225,53.37761964026271,104.1526945138257,121.86762320305739,86.43776582459401,4565.686218435191,2.021873578898922,116937.83836722419,1.2040220256806338,0.17462426910448223,213.66954169719043,6291.882605955074,1.5677642517674797,157260.2448376083,1.1179985366202785,0.1254449248424813,312.0066459942891,6237.7072648068415,1.687966425908132,157796.70267057067,1.1755273913512747,0.10852775260755657,300.9436854227952,6346.057947103305,1.4475620776268272,156723.78700464594,1.060469681889282,0.14236209707740602,323.06960656578303,29.14101253354613,34.286092502276105,23.99593256481616
Schwer,15.540826997234111,14.67840713595583,16.403246858512393,60.87265476861843,62.74707975039706,88.83383089872115,86.97813568747873,90.68952610996357,6062.278640872738,1.4077019243491182,158441.78867803077,1.0198714791299512,0.10376253061361135,271.01588361336775,7449.137446821573,1.1228787030613168,199688.67867342744,0.9540543052122279,0.02646422049372797,324.0973097321797,7291.320619445882,1.0823872272302688,196543.00960691224,0.9537797508367104,0.021111310339524715,318.3482244545028,7606.954274197263,1.1633701788923647,202834.34773994266,0.9543288595877454,0.03181713064793122,329.8463950098567,21.49022948237671,20.146325692397255,22.834133272356166
Sonne,13.342638954460488,,13.342638954460488,44.730253359318525,53.94569267891938,43.49896523142077,,43.49896523142077,4427.651151738835,1.6900535160649317,117868.71751562375,0.9889334098903055,0.14473832444069842,184.8859994171796,8167.587759501691,1.2939231810643277,196932.1862737369,0.9304165860650211,0.06721150524726609,354.221180235351,,,,,,,8167.587759501691,1.2939231810643277,196932.1862737369,0.9304165860650211,0.06721150524726609,354.221180235351,22.468757140603252,,22.468757140603252
Sorry,18.276457125197542,,18.276457125197542,55.95416289470739,85.94823127676338,45.99329458136089,,45.99329458136089,6965.272314754385,3.764172975266982,184522.48363664845,3.456500142669463,0.7491474200125684,289.51007028417865,5092.9391688990445,2.2666735835688594,119359.25032316567,1.2319816177145049,0.5041256982109318,234.39061173582263,,,,,,,5092.9391688990445,2.2666735835688594,119359.25032316567,1.2319816177145049,0.5041256982109318,234.39061173582263,28.406937937388243,,28.406937937388243
SparenSparsam,16.330382085816208,18.513434011192157,14.147330160440259,52.65780901633234,56.87081581671017,70.96624235746604,78.0687038599562,63.863780854975865,4101.48732188048,2.5341552951248367,104143.68815250865,2.514344365983423,0.6132880257654203,201.56684367416457,4116.415103032181,2.524020765372784,105809.29392113691,1.3320254733860448,0.48128027828191544,195.05858234585452,3984.566185681257,3.291817413705452,104562.78856349214,1.5396796408258657,0.6095518021116795,187.537247028892,4248.264020383104,1.7562241170401154,107055.79927878168,1.1243713059462241,0.35300875445215146,202.579917662817,24.292651668800524,31.739924894522044,16.845378443079007
Spezial,12.82993776341383,13.533826990338758,12.126048536488902,50.14267441085259,47.517065697457106,64.77037615509516,69.1234426510134,60.41730965917689,3085.201125054073,1.0973936283269488,82812.95494108404,1.003443986018922,0.022652455360149072,146.3356859045862,3459.8900981277125,1.0089136315819576,90625.10722194915,0.9491517251763699,0.04492552751645734,183.60066112102345,3607.6332564301993,1.0279421288532806,95624.46475258903,0.9535029570447614,0.04610239898955538,200.9476609160177,3312.1469398252257,0.9898851343106345,85625.74969130926,0.9448004933079786,0.04374865604335931,166.2536613260292,21.356293108181767,21.470008349493103,21.24257786687043
Tisch,11.861507213710322,14.094421612727395,9.628592814693251,60.07801739524527,48.949094448091984,87.86892261581782,78.95850531931889,96.77933991231674,2866.6213980779175,1.2063976558383198,76144.95774146369,1.0557071219169187,0.06499638788923973,125.91895227196723,5515.445497570031,1.1814829944751417,141055.37494795048,1.0499198490744264,0.057718694214808006,265.4954451253779,5241.370033440607,1.2093705720982892,135399.25425726702,1.088018336494908,0.06456376895639372,248.91347023816078,5789.520961699455,1.153595416851994,146711.4956386339,1.0118213616539449,0.05087361947322229,282.077420012595,26.631922979179002,32.850273862608034,20.413572095749956
Treffen,13.670137902609616,16.503426987251924,10.836848817967317,69.07573051885258,50.44204806596185,70.19186988479922,62.23863453939534,78.14510523020309,2588.688564800953,0.9531960953872872,70528.9911898065,0.9029695164325718,0.06042949921209227,103.33049450583822,2863.426148122462,0.8640984986641224,77404.53066077843,0.9107094541069984,0.06701891046644495,125.68037968973016,2951.133517280637,0.929046491669625,80288.22472971998,0.9218548722660691,0.06433062681640818,122.17708305538325,2775.7187789642876,0.7991505056586197,74520.83659183688,0.8995640359479279,0.06970719411648171,129.18367632407706,16.755534673804473,19.816306886889755,13.694762460719195
Vater,11.887249161641213,,11.887249161641213,50.755198310756136,64.03823731213144,63.23834828746389,,63.23834828746389,5436.644786823391,4.33286958420904,145752.87979634802,1.217275396356592,0.5145333044206494,219.36484463252447,6324.027302098278,1.8331851605840692,167260.0120073564,0.8785758887019137,0.16957294300831485,263.38440749221115,,,,,,,6324.027302098278,1.8331851605840692,167260.0120073564,0.8785758887019137,0.16957294300831485,263.38440749221115,16.670102784642694,,16.670102784642694
Verschieden,13.755241767323,12.68409218645007,14.826391348195934,55.24266956467352,45.845335096395154,72.11848332782344,62.04982270640129,82.18714394924558,3302.2776901148704,1.5972866589820267,86271.38220467645,0.9991630109458274,0.06793633423101031,141.10893420267743,4613.452776547951,1.355403260342439,119021.70181461534,0.9797215892574083,0.03176161824289009,213.21465095720276,4939.120089095224,1.5707634775457822,124548.93532073325,1.0210131822303792,0.035038712216639095,225.55746683736956,4287.785464000676,1.1400430431390962,113494.46830849744,0.9384299962844374,0.028484524269141078,200.87183507703594,22.035384350156896,22.381259187679696,21.6895095126341
VorsichtPassAuf,9.639253720690181,7.877210978717533,11.40129646266283,51.06145132351133,41.40614400050449,51.281283338341105,53.4686593272192,49.093907349463024,2662.610571072823,1.028550336085846,70565.85216148877,0.944245379761615,0.014555159848718177,132.90184064410784,3201.6748461291654,1.0157918216382456,87239.85109932687,0.9224855321541228,0.010534376327600393,179.0866078487013,3080.6107461440374,1.0289077585749984,87329.54640969088,0.9204278014271978,0.017851144318193235,178.30134771633672,3322.738946114294,1.0026758847014925,87150.15578896286,0.9245432628810476,0.0032176083370075506,179.8718679810659,14.75581912569914,12.324757151032644,17.186881100365635
Waschen,17.473443723617574,19.782420794692158,15.16446665254299,71.61432638699189,63.33805329029711,75.94524935370478,63.894289541649414,87.99620916576016,2671.7721565360143,1.4884195398220468,72663.17359108588,1.5069768631265263,0.9073936474495025,115.1222593399402,3978.309795115062,1.7882441884762579,110979.66045337601,1.111579705967665,0.757961615094374,172.015876195019,2862.261717109587,2.5918238240250453,80316.5942280944,1.0668623265776536,0.7996450879347045,115.06345870517501,5094.357873120537,0.9846645529274703,141642.72667865764,1.1562970853576764,0.7162781422540436,228.96829368486297,25.548205060968897,26.260881203852,24.835528918085785
Widerspruch,14.032158704430596,17.208632992416884,10.8556844164443,55.76726405998471,57.11176687991939,67.1909105586997,46.840509199032915,87.54131191836647,3745.4794507896318,0.9800817017094468,99878.96123288639,0.9253316648372018,0.033362341381641604,152.6761114173005,4340.4830532969445,0.8809258204773844,119677.16862379675,0.8427172879233424,0.10286159820444553,192.23104264191048,3472.94984888622,0.8097738094593486,96907.5010377349,0.761011776897253,0.17178293413145798,165.83492295331183,5208.016257707669,0.9520778314954201,142446.8362098586,0.9244227989494318,0.033940262277433075,218.62716233050912,27.867605058771947,41.045664842188856,14.689545275355028
Ziel,14.393821666157395,13.959125140911654,14.828518191403136,56.23440171691518,49.76388450557097,79.82205380246661,86.56802878337592,73.07607882155735,2694.3735893081107,1.2386298209028155,70153.00744646827,0.7745288053169574,0.06990123013355204,115.57730546857069,4349.0695366113205,1.2171296829553881,113872.05999312684,0.9198269553326113,0.0943140140392667,193.88276681348626,5241.150966785423,1.3488643040092338,139289.50944601276,1.1267672893909115,0.09030963542435858,215.90720565472202,3456.9881064372175,1.0853950619015422,88454.6105402409,0.7128866212743111,0.09831839265417484,171.8583279722505,18.526702634025675,15.77107975184836,21.282325516202988
reparieren,13.405502263600676,16.736741411179555,10.074263116021799,63.69709067612032,55.23079881313719,67.23092469858756,44.31098765806567,90.15086173910946,2330.8142985499244,1.1512074314335934,53256.74796107717,1.0119499817401814,0.16369613448895626,118.18080703848172,3789.889032361355,0.9410289214370978,94859.03013393682,1.015379080471856,0.4026715555542995,190.17025774885184,3027.3207516432226,0.8455994360246772,77012.80061567835,1.1060532398275957,0.6471013396060983,167.00812956467198,4552.457313079488,1.0364584068495184,112705.25965219527,0.9247049211161162,0.1582417715025007,213.33238593303167,20.581650999755425,28.244902584345798,12.918399415165053
