abstain_left_hand,abstain_right_hand,abstain_upper_body,acceleration_error,aurc_left_hand,aurc_right_hand,aurc_upper_body,clip_id,frames,jerk_error,pa_mpvpe_left_hand_mm,pa_mpvpe_right_hand_mm,pa_mpvpe_upper_body_mm,risk_error_spearman_left_hand,risk_error_spearman_right_hand,risk_error_spearman_upper_body,risk_left_hand,risk_right_hand,risk_upper_body,selective_80_left_hand_mm,selective_80_right_hand_mm,selective_80_upper_body_mm,selective_90_left_hand_mm,selective_90_right_hand_mm,selective_90_upper_body_mm,signer_id,tr_v2v_left_hand_mm,tr_v2v_right_hand_mm,tr_v2v_upper_body_mm,velocity_error
0.0,0.0,0.0,114.11174889405568,9.371160507202148,9.056528091430664,23.89940071105957,Ablehnen,14,2481.57680719549,7.33875172478812,5.989129475184849,23.136062213352748,-0.7494505643844604,0.79340660572052,0.5516483783721924,0.16379605020795548,0.10140614796962057,0.22927434423140117,9.547087669372559,10.432734489440918,26.58138084411621,9.470510482788086,11.147507667541504,26.5703125,unknown,9.37520330292838,11.84138550077166,26.50908429282052,6.031109809875488
0.0,0.0,0.0,117.32601992837314,7.391826629638672,6.206526756286621,23.12981414794922,Akzeptieren,31,3546.101031439645,5.855917961366715,5.492549450166764,15.210271127762333,-0.0370967723429203,-0.04798386991024017,0.5290322303771973,0.0,0.0,0.0,7.913502216339111,6.366457939147949,24.593311309814453,7.8121819496154785,6.260672092437744,24.837968826293945,unknown,7.734618033132246,6.355424158034786,24.99090047036448,5.343982091546058
0.0,0.0,0.0,48.311727573997096,9.38705825805664,7.27906608581543,19.51582145690918,Arzt,21,1275.4836196899414,5.872635341825939,6.663200355711437,20.04032225835891,-0.7623376846313477,0.24285714328289032,-0.16883116960525513,0.0,0.0,0.0,9.582865715026855,7.705529689788818,20.430316925048828,9.505566596984863,7.704222679138184,20.436304092407227,unknown,9.375364121936617,7.707780293055943,20.420590809413365,2.757454872876406
0.0,0.0,0.058823529411764705,101.1593077108264,9.568742752075195,11.346693992614746,23.760269165039062,AufgebenResignieren,34,2651.5431395499936,6.169667328105254,6.845832361894495,21.76412918988396,0.4508785307407379,0.3512605130672455,0.6250572800636292,0.1675260413218947,0.10857402752427493,0.2324148359544137,9.927205085754395,12.212645530700684,24.83721923828125,10.218064308166504,12.148697853088379,25.98482322692871,unknown,10.622538398293887,12.383949658449959,27.493553890901453,3.821917640440392
0.0,0.0,0.0,168.62196428635542,8.542083740234375,13.459280967712402,21.76520347595215,AusgebenGeldVerschwenden,19,4192.886047363281,7.286853313446045,7.076112571515535,19.352298636185495,-0.6157894730567932,-0.6649122834205627,-0.028070176020264626,0.1611909568309784,0.1076662520829,0.23057159781455994,8.73745346069336,13.64626407623291,23.073585510253906,8.62258243560791,13.48388385772705,23.164045333862305,unknown,8.569308657395212,13.477612696195903,23.025879107023542,7.45158175792959
0.0,0.0,0.0,199.23034610170308,10.774520874023438,12.356433868408203,20.83332633972168,Auto,35,5679.380571365356,10.338923563276019,10.971063722882953,19.09807665688651,0.05742296949028969,-0.2288515418767929,0.44117647409439087,0.0,0.0,0.0,11.442459106445312,12.648050308227539,22.44508171081543,11.342779159545898,12.572881698608398,22.600709915161133,unknown,11.241831234523229,12.59775938306536,22.417671312604632,7.05398303226513
0.0,0.0,0.0,119.30405919692096,14.159292221069336,9.55589485168457,22.061046600341797,BesuchenEinmischen,19,3380.771541595459,9.51228982523868,7.855132454320004,19.32323475887901,0.18771930038928986,0.8719298243522644,-0.1473684161901474,0.17571796006277987,0.10505827398676622,0.22817958107120112,15.76303482055664,11.406583786010742,23.227294921875,15.612812042236328,11.796003341674805,23.085594177246094,unknown,15.820682726408306,11.987635863454718,23.113388864617598,5.660430382523272
0.375,0.0,0.08333333333333333,272.0464874397625,44.85346603393555,11.763174057006836,54.999542236328125,Blitz,24,8266.119200206938,11.691035906473795,11.74082918961843,53.443466663360596,0.3852173984050751,0.5686956644058228,0.5973913073539734,0.36558790629108745,0.10190821221719186,0.2371304165571928,48.37543869018555,12.660100936889648,58.44011306762695,49.0537109375,13.017622947692871,59.14201354980469,unknown,49.43175649642944,13.262150367101034,59.816621939341225,9.654604981774868
0.0,0.0,0.0,83.31726891116092,15.213844299316406,10.485453605651855,25.08426856994629,Blume,21,2086.1762330796982,9.293586095174154,7.2044950893947055,20.49481064932687,-0.19740259647369385,-0.5415584444999695,-0.11298701167106628,0.16561571118377505,0.1099191006450426,0.231053345260166,15.616988182067871,10.59791374206543,26.555570602416992,15.565223693847656,10.522808074951172,26.42669105529785,unknown,15.408034915015811,10.41335087730771,26.316456930977957,4.346162658184767
0.0,0.0,0.6842105263157895,185.09934206569895,41.15522003173828,20.49424171447754,53.24504852294922,Boese,19,5088.973487854004,6.401838879836233,11.62050663797479,48.732833661531146,-0.09824561327695847,-0.4368421137332916,0.010526316240429878,0.3076399658855639,0.10730056150963432,0.24188437430482163,43.76241683959961,21.269102096557617,56.851444244384766,42.73197937011719,21.28041648864746,56.48704528808594,unknown,43.11563210738333,21.16701718380577,56.57069898906507,7.1439253489176435
0.0,0.0,0.0,198.68652415275574,12.463554382324219,12.679412841796875,29.32847785949707,BroetchenAufschneiden,48,5691.851201036241,9.59032799800237,9.510063906510672,25.056101898352306,-0.13884064555168152,-0.17260095477104187,-0.3460703492164612,0.1549901505932212,0.11129189577574532,0.2297493073468407,12.876508712768555,12.576744079589844,29.722415924072266,12.748340606689453,12.380514144897461,29.083892822265625,unknown,12.679254134496054,12.378508826096853,28.795575380325317,7.601104090822504
0.07692307692307693,0.0,0.07692307692307693,45.17105294357646,42.4732551574707,10.395724296569824,43.432716369628906,Dort,13,1188.287230682373,8.091865429511437,10.07393558208759,38.62824454674354,-0.5054945349693298,-0.1428571492433548,0.34065935015678406,0.34479652918302095,0.10120670554729608,0.23935010914619154,45.44916534423828,11.184292793273926,47.693992614746094,45.421199798583984,11.160015106201172,47.571468353271484,unknown,45.29314921452449,11.192218633798452,47.67601306621845,3.3317799319823584
0.0,0.0,0.391304347826087,107.1480016708374,40.95400619506836,13.955648422241211,45.151519775390625,Duenn,23,2518.391159820557,8.273537096769914,13.546341896057129,38.396432876586914,-0.19664031267166138,0.14822134375572205,-0.27865612506866455,0.31479727703592053,0.10352611768504848,0.23986140735771344,42.34916687011719,14.58068561553955,47.181190490722656,41.926700592041016,14.607626914978027,46.86564254760742,unknown,41.24585740462594,14.639414911684783,46.61693224699601,4.590791623700749
0.0,0.14285714285714285,0.0,175.8560192710475,9.452888488769531,13.77062702178955,21.28961181640625,Einkaufen,21,4665.40485297309,8.059196880885533,13.36556725274949,18.97659801301502,0.08311688154935837,0.3272727131843567,-0.5584415793418884,0.16096478416806176,0.12382584242593675,0.23053019032591865,10.304085731506348,14.97309398651123,22.01654815673828,10.28250503540039,15.133103370666504,21.89592170715332,unknown,10.180053483872186,15.264280909583682,21.796304611932662,8.452109676599502
0.0,0.0,0.0,148.70817759941363,14.668251037597656,10.919793128967285,30.76080322265625,Einnehmen,31,3699.101808820452,8.654266711204283,9.55174926019484,19.75864887237549,-0.20967741310596466,0.739112913608551,0.004032257944345474,0.16854719577297086,0.1202295996969746,0.23433722267227788,14.897173881530762,12.304691314697266,30.615028381347656,14.621757507324219,12.727993965148926,31.151697158813477,unknown,14.184158294431624,13.031386344663558,31.31520720451109,6.343803543845812
0.0,0.08823529411764706,0.0,75.19190075993538,12.69728946685791,8.823444366455078,23.27265167236328,EinstellenJob,34,1590.273844319005,6.222912760341869,5.521713747697718,18.848265143001782,-0.45546218752861023,0.24247516691684723,-0.07776928693056107,0.16441535686745362,0.1114038739572553,0.22999856445719213,12.738879203796387,8.899199485778809,23.89744758605957,12.61570930480957,9.004302978515625,23.705459594726562,unknown,12.54816063712625,9.205618760165047,24.01501111423268,6.661714992288387
0.0,0.0,0.0,116.9022866487503,10.547908782958984,9.51426887512207,25.03304672241211,EisGefroren,30,3000.4183389169198,6.480446418126424,8.614768520991008,21.150588035583496,0.08075639605522156,0.23870967328548431,-0.09677419066429138,0.1715108796954155,0.11193261817097663,0.2313700094819069,10.846903800964355,10.569267272949219,25.65081024169922,11.092381477355957,10.610721588134766,25.682905197143555,unknown,11.023834832509358,10.83244899113973,25.50225321451823,13.234277103995455
0.0,0.0,0.0,77.05959578922817,10.42300033569336,10.079630851745605,28.16324806213379,Empathie,23,1949.6991012573242,8.108616144760795,7.865094329999841,23.360107338946797,0.41897234320640564,-0.18972331285476685,-0.02766798436641693,0.16602941440499347,0.10692184969134953,0.23137526667636374,11.455967903137207,10.648175239562988,29.125150680541992,11.442997932434082,10.940946578979492,29.135602951049805,unknown,11.535499323969303,10.65600295688795,29.226070818693742,3.173460278998722
0.0,0.0,0.0,85.32060912559773,12.022919654846191,15.068778991699219,19.83647346496582,Entschuldigung,31,1976.3839413779122,7.014920588462584,8.693195881382112,17.454875115425356,0.26169353723526,-0.22177419066429138,0.06612902879714966,0.17496676935303596,0.10438809832257609,0.22817065927290148,12.537576675415039,15.402247428894043,20.46092414855957,12.846288681030273,15.30897331237793,20.478242874145508,unknown,13.159218757383284,15.39794195851972,20.579370621711977,5.34300032556057
0.0,0.0,0.0,81.48012179594774,13.660809516906738,12.984416961669922,23.54231834411621,FestellenDiagnose,28,2098.465941772461,7.272463389805385,10.507882867540632,21.329237835747854,-0.5396825671195984,0.010399562306702137,0.055281881242990494,0.159798658319882,0.11095250770449638,0.23205718291657312,11.654070854187012,13.64061450958252,24.44860076904297,11.1455078125,13.620673179626465,24.253507614135742,unknown,10.95833773272378,13.61383421080453,24.419497762407577,3.0818039730743125
0.08,0.0,0.04,110.6613016957822,43.453224182128906,12.551665306091309,62.34577178955078,Frech,25,3085.919988458807,9.754162139892578,8.701692638397217,56.22593490600586,0.013076922856271267,0.08846154063940048,0.045384615659713745,0.34604086756706237,0.10302371710538864,0.2381902676820755,44.89569091796875,13.082119941711426,64.55857849121094,44.65061950683594,13.084508895874023,64.44197082519531,unknown,44.91323318481445,13.096773109436036,64.72588470458984,4.204074362913768
0.0,0.0,0.0,97.51499708961038,9.919166564941406,12.828359603881836,23.93535614013672,Frieren,19,2755.8375244140625,9.77449597810444,10.553332429183158,18.63451355382016,0.7035087943077087,0.06315789371728897,-0.6701754331588745,0.0,0.0,0.0,10.582841873168945,13.5260009765625,24.847320556640625,10.65807056427002,13.511749267578125,24.492206573486328,unknown,10.682016523260819,13.515325445877878,24.352153476915863,4.1756627795596915
0.0,0.0,0.0,118.00672121842702,11.474067687988281,10.345670700073242,41.017520904541016,Frisch,26,3301.028863658076,10.279398863132183,8.181262841591469,33.611631833589996,0.7606837749481201,0.7736752033233643,-0.7415384650230408,0.0,0.0,0.0,12.265424728393555,11.034162521362305,39.64175033569336,12.834206581115723,11.54040241241455,38.86471939086914,unknown,13.604354088123028,12.378580166743351,38.6665520301232,5.741100679039955
0.0,0.0,0.0,265.6828633717128,9.683372497558594,11.208050727844238,34.302120208740234,Froh,30,7693.771344220197,5.989286104838054,6.2094611644744875,32.77208086649577,0.12347052246332169,-0.18264739215373993,-0.02246941067278385,0.0,0.0,0.0,10.140888214111328,10.716850280761719,35.354549407958984,10.208121299743652,10.637812614440918,36.700904846191406,unknown,10.145109780629475,10.80728357632955,36.40207767486572,10.090724182539972
0.0,0.0,0.0,91.7839730232954,9.888026237487793,13.344216346740723,20.657337188720703,Glas,18,2125.575786336263,8.345388068093193,10.238112290700277,18.381608221266006,0.8142414689064026,-0.4324045479297638,0.2837977409362793,0.218988213274214,0.09715024257699649,0.2301852231224378,11.73762035369873,13.634810447692871,21.935396194458008,12.007991790771484,13.474905014038086,22.10131072998047,unknown,12.19027230474684,13.316576480865479,22.064578162299263,3.8589706526083103
0.0,0.0,0.0,61.064047370638164,12.13010025024414,11.797754287719727,18.529800415039062,IdiomPffIgnorieren,16,1342.8929995023286,12.607664465904236,11.599677622318268,17.395568013191223,0.07352941483259201,0.7411764860153198,-0.2911764681339264,0.0,0.0,0.0,13.117122650146484,12.989569664001465,19.521568298339844,13.18087100982666,13.088680267333984,19.51532745361328,unknown,13.135353028774261,13.093747675418854,19.43719732761383,3.016991048057874
0.275,0.125,0.55,155.9997906308425,45.2014045715332,11.57894515991211,48.555843353271484,Jahr,40,3941.814837893924,6.2804875612258915,11.44798172712326,44.3189013004303,-0.5649155974388123,0.3956848084926605,0.21482177078723907,0.35260454565286636,0.1239854272454977,0.24114174507558345,42.94160079956055,12.318333625793457,49.8870735168457,42.615928649902344,12.494128227233887,50.13179016113281,unknown,41.566173267364505,13.166324424743653,51.66697959899902,8.152808040380478
0.4375,0.0,0.4375,120.11344800676618,35.521507263183594,13.307295799255371,46.43573760986328,Klar,16,3427.619816706731,6.079232692718506,8.2149778008461,42.34720063209534,0.014705882407724857,-0.5764706134796143,0.5176470875740051,0.36613230779767036,0.09939909540116787,0.24053979758173227,39.179927825927734,13.337443351745605,49.81777572631836,39.059444427490234,12.92237663269043,51.03255081176758,unknown,38.289703369140625,12.751300692558289,51.17701292037964,5.0753397385279335
0.0,0.0,0.0,128.06596207618713,10.6642484664917,14.734182357788086,20.45443344116211,Kochen,46,3460.1733318594997,7.759581348170405,11.900132096332053,19.378713628520135,-0.3361702263355255,0.31261178851127625,0.18297871947288513,0.0,0.0,0.0,10.943992614746094,15.365838050842285,22.299489974975586,10.822061538696289,15.278120040893555,21.81037712097168,unknown,10.622679617093956,15.416073032047438,21.745877100073773,5.552759609619776
0.0,0.0,0.0,117.62288267859097,9.379520416259766,10.506399154663086,25.166038513183594,Lesen,31,3272.7271150861466,5.974032663529919,10.144920195302655,21.08275585789834,0.10040322691202164,0.3931451737880707,-0.29516127705574036,0.16219009170609136,0.09773304265352988,0.22751130884693516,9.880653381347656,10.847982406616211,25.719324111938477,9.832778930664062,10.999781608581543,25.713459014892578,unknown,9.863783313382056,11.112044642048497,25.578190895818896,4.841025233268738
0.14285714285714285,0.0,0.7142857142857143,113.84441335995992,34.61437225341797,13.373665809631348,53.33179473876953,LiebBitte,14,3449.5005368319426,8.373587335859026,7.873560224260602,46.35719244820731,-0.024175824597477913,0.07252747565507889,0.2835164964199066,0.34429104200431276,0.10203955162848745,0.24188014545610972,37.9277229309082,14.177764892578125,58.929195404052734,38.022621154785156,14.231736183166504,58.94542694091797,unknown,38.13852024078369,14.280480112348284,58.877460207257954,4.394545500095074
0.5294117647058824,0.0,0.4117647058823529,108.54514490763346,47.1414794921875,12.242138862609863,61.60218811035156,Luegen,17,2687.0931854248047,9.531720077290254,9.368315472322351,56.647373648250806,0.10784313827753067,0.5073529481887817,0.19117647409439087,0.37183944267385144,0.09860428466516383,0.23912382213508382,51.56886672973633,13.516571044921875,65.24637603759766,50.961177825927734,13.720842361450195,66.08277893066406,unknown,50.86322133681353,13.66553233651554,65.99594609877643,5.767556607723236
0.06666666666666667,0.4,0.5333333333333333,273.8416419396034,41.335514068603516,11.6464262008667,48.9227409362793,Muell,15,6677.327934265137,5.734546947479248,11.013851324717203,45.18765106201172,0.10000000149011612,0.8500000238418579,0.04642857238650322,0.32121639847755434,0.15714436570803325,0.24896877408027648,45.2072639465332,13.584710121154785,54.451324462890625,44.790706634521484,14.818026542663574,54.665489196777344,unknown,45.180166498819986,15.655024655659993,54.33865102132162,12.000431324754443
0.08333333333333333,0.0,0.2916666666666667,107.04745665463534,45.01351547241211,9.270925521850586,57.22612380981445,Mutter,24,3001.814374651228,11.141329725583395,5.434527099132538,47.81637096405029,-0.5591304302215576,-0.035652175545692444,-0.5026087164878845,0.34178974976142246,0.10391786911835273,0.23946573585271835,44.843692779541016,9.986597061157227,57.85747146606445,44.25411605834961,9.861052513122559,57.300636291503906,unknown,43.86532179514567,9.80579674243927,57.00043551127116,4.692738411219223
0.0,0.0,0.0,125.48950158982049,15.290166854858398,9.952173233032227,19.991783142089844,Naehen,44,3242.2913394090606,7.453190250830217,7.768584175543352,16.547564376484264,-0.37420719861984253,0.1186751201748848,0.13699787855148315,0.0,0.0,0.0,15.403721809387207,10.21714973449707,20.514787673950195,15.455906867980957,10.279587745666504,20.734272003173828,unknown,15.423446958715266,10.273671973835338,20.696434194391426,5.154579828991446
0.0,0.0,0.0,260.6997041895583,9.257914543151855,10.173834800720215,23.290752410888672,Nebel,39,6885.738874223497,7.210365588848408,6.507788364703838,20.697178767277645,0.4263157844543457,-0.07105263322591782,0.0793522298336029,0.0,0.0,0.0,9.72506046295166,10.6365966796875,23.547401428222656,9.831826210021973,10.585206985473633,23.802215576171875,unknown,9.875251109783466,10.472344667483599,23.89896676479242,10.304672832943892
0.0,0.0,0.0,182.50176603143865,11.575634956359863,9.34089183807373,24.151874542236328,Neu,13,5231.52123413086,6.2064032554626465,5.591712548182561,22.369242741511417,0.3901098966598511,0.42307692766189575,-0.005494505632668734,0.16095030651642725,0.11307433706063491,0.23045302125123832,13.082256317138672,10.253652572631836,25.842384338378906,12.999430656433105,10.45081615447998,25.849084854125977,unknown,13.589115876417894,10.525371991671049,26.232370376586914,7.358596466481686
0.0,0.0,0.0,72.19627602347012,12.98271656036377,8.801345825195312,20.208648681640625,Operieren,31,2031.0836064474922,8.302174475885206,7.777741985936319,20.36801295126638,-0.6782258152961731,0.24354839324951172,0.1875,0.0,0.0,0.0,13.342079162597656,9.059751510620117,20.692869186401367,13.24194622039795,9.093976020812988,20.813953399658203,unknown,13.186669780362037,9.13725459191107,20.96640254605201,3.2862102508544924
0.0,0.0,0.0,228.0274575723184,9.435096740722656,10.522222518920898,26.42423439025879,Regen,39,6064.974378797743,6.608709127475054,6.027837068606646,27.76411340175531,-0.2892712652683258,0.26275303959846497,0.37550607323646545,0.0,0.0,0.0,9.277083396911621,11.403715133666992,28.60466957092285,9.17152214050293,11.275020599365234,29.119293212890625,unknown,9.057690192491581,11.257119912367601,29.42447129274026,9.01429162566599
0.18181818181818182,0.0,0.6818181818181818,140.6069067001343,45.64099884033203,10.442150115966797,55.479129791259766,SauerWuetend,22,3556.0458470394738,6.910747809843584,7.447535991668701,45.052052931352094,-0.1394692212343216,-0.38565781712532043,0.010728402063250542,0.3363123346458782,0.10231638970700177,0.24145262959328564,45.45509719848633,10.490007400512695,56.82852554321289,44.90937042236328,10.339029312133789,57.123924255371094,unknown,44.94327926635742,10.348677331751043,57.38903201710094,6.422079659643627
0.0,0.0,0.0,290.1439050639548,8.073582649230957,10.083436965942383,23.48861312866211,Schnee,43,8011.042249488831,5.726837435434031,6.237735559773999,19.723091613414677,-0.08335850387811661,0.15282392501831055,0.09060706943273544,0.0,0.0,0.0,8.845486640930176,11.26909351348877,25.683162689208984,8.685012817382812,10.99670696258545,25.284664154052734,unknown,8.576169845669769,11.009386761243952,25.1604952257733,10.735112784873872
0.0,0.0,0.0,218.73175525665283,10.25022029876709,8.129188537597656,23.393680572509766,Schreiben,44,5920.331037940048,7.671656467697837,7.222934430295771,22.132126808166504,-0.17674419283866882,-0.21902748942375183,-0.056236784905195236,0.1683636246757074,0.10575113123790784,0.22823688591068442,10.489847183227539,8.307379722595215,24.541690826416016,10.409881591796875,8.303247451782227,24.339902877807617,unknown,10.437429558147084,8.275186517021872,24.2332445491444,8.605325357165448
0.0,0.12,0.2,94.94943063155465,8.475189208984375,10.264183044433594,32.465179443359375,Schwach,25,2561.510411002419,7.647471446990966,4.792594795227051,23.785242652893068,0.9230769276618958,0.35769230127334595,0.6223077178001404,0.20791154205799103,0.12656146347522734,0.23728149354457856,9.845369338989258,10.679216384887695,38.206932067871094,10.862410545349121,11.105446815490723,39.643428802490234,unknown,11.954900684356689,11.326992321014405,40.30452613830566,4.6007632569720345
0.0,0.38095238095238093,0.38095238095238093,173.19185673563103,12.410658836364746,14.742059707641602,24.33419418334961,Schwer,21,4292.595333523221,10.30419853755406,12.679800306047712,22.898420969645183,-0.05974026024341583,0.25974026322364807,0.7259740233421326,0.2185192299740655,0.16288622788020543,0.2406537972745441,13.04417896270752,15.57526683807373,28.377059936523438,13.276725769042969,15.727574348449707,29.92181968688965,unknown,13.173999604724703,15.970138050260998,30.658951895577566,7.067225874960423
0.0,0.0,0.0,116.7684924809829,49.861106872558594,13.796978950500488,44.22750473022461,Sonne,25,3223.587689486417,6.895552024841309,10.848400802612305,39.87123199462891,-0.08153846114873886,0.01846153847873211,0.10076922923326492,0.28435302019119263,0.10691742181777954,0.23380187451839446,50.89846420288086,14.863290786743164,47.15033721923828,50.358978271484375,14.76002311706543,46.896907806396484,unknown,50.69081237792969,14.513217735290528,47.035604553222655,5.006682672848304
0.07692307692307693,0.0,0.7692307692307693,95.40879992643993,44.519901275634766,15.279121398925781,64.9421157836914,Sorry,26,2143.5608361285667,10.108308278597319,12.428582191467285,54.62209672194261,0.08512820303440094,0.4317948818206787,0.1487179547548294,0.35429734220871556,0.10457144419734295,0.2427972755753077,47.5621452331543,16.395172119140625,67.73377990722656,47.54191207885742,16.46104621887207,67.61821746826172,unknown,47.581093127910904,16.636677778684177,67.66251564025879,4.089172917604446
0.0,0.0,0.06896551724137931,86.93668656879001,16.078786849975586,10.706348419189453,27.10991668701172,SparenSparsam,29,2040.7188682556152,7.87432571937298,9.278822010961072,19.280310005977235,-0.18768472969532013,0.1068965494632721,-0.6192117929458618,0.17136057594726825,0.12237184700267069,0.23550710750037226,14.195439338684082,11.196517944335938,26.39995765686035,14.216731071472168,11.15959358215332,26.11063003540039,unknown,14.119862326260272,11.179379660507728,26.046043132913525,4.74772153369018
0.0,0.0,0.0,172.35031710730658,10.865103721618652,10.602173805236816,29.068933486938477,Spezial,20,4601.494537353516,7.090945386886597,7.956392621994018,29.298361206054686,-0.7864661812782288,0.32481202483177185,0.18195489048957825,0.16299107298254967,0.10366552770137787,0.2297931879758835,10.993968963623047,11.260054588317871,30.95806121826172,10.82052993774414,11.347350120544434,30.18845558166504,unknown,10.692360782623291,11.324518156051635,32.91008863449097,7.672450329128065
0.0,0.0,0.0,316.7849575389515,10.17729663848877,9.635930061340332,26.157550811767578,Tisch,13,7565.058298492431,6.131041233356182,5.783664409930889,18.576938188993015,0.37362638115882874,-0.32967033982276917,-0.708791196346283,0.17997165368153498,0.11477130135664573,0.23004618287086487,11.365738868713379,10.130818367004395,27.049680709838867,11.347485542297363,9.819461822509766,26.625574111938477,unknown,11.482419600853554,9.762252257420467,26.201693608210636,24.087667852640152
0.0,0.0,0.0,87.3758847621771,15.21279525756836,9.542312622070312,19.34803009033203,Treffen,28,2406.1084910583495,12.923417363848005,8.97457924910954,16.43418332508632,-0.6179529428482056,-0.27093595266342163,0.7980295419692993,0.0,0.0,0.0,15.57008171081543,9.756258964538574,21.058948516845703,15.310762405395508,9.630387306213379,21.54783821105957,unknown,15.190957852772303,9.677690063204084,21.80604669025966,3.3793531391355724
0.3333333333333333,0.0,0.07407407407407407,115.12377666473388,44.479026794433594,10.955363273620605,54.818992614746094,Vater,27,3110.43448638916,12.907210456000435,7.915202370396367,49.99853586267542,0.0683760717511177,-0.18864469230175018,0.19963370263576508,0.359896132239589,0.10038275547601559,0.23758597230469738,46.422603607177734,10.765352249145508,56.84101486206055,46.65541458129883,10.765969276428223,57.39126968383789,unknown,46.34497225726092,10.942026120645028,57.349677615695526,4.518467631477576
0.0,0.0,0.0,229.64782661046738,12.23589038848877,13.256418228149414,25.053956985473633,Verschieden,41,6597.129829005191,8.860359040702262,12.205510069684285,15.844996056905607,-0.0895470380783081,-0.14947734773159027,0.18048781156539917,0.0,0.0,0.0,12.215109825134277,13.614333152770996,26.412935256958008,12.358583450317383,13.388370513916016,26.32563018798828,unknown,12.382427471440012,13.29947794937506,26.179967042876452,8.31912944763899
0.0,0.0,0.0,244.84101753234864,8.226252555847168,8.947722434997559,21.87397003173828,VorsichtPassAuf,12,6708.05224609375,6.449602723121643,7.985882202784221,24.555840174357098,0.0979020968079567,0.8391608595848083,0.5804196000099182,0.1589173749089241,0.09920878211657207,0.2272473635772864,9.368560791015625,10.14625072479248,24.889484405517578,9.182116508483887,10.347833633422852,26.92511749267578,unknown,9.166022658348083,10.503071308135986,28.743057092030842,14.389450804753738
0.0,0.0,0.0,62.898081647025215,19.67835235595703,12.823185920715332,22.641071319580078,Waschen,29,1679.009276169997,18.34375762939453,11.62708256162446,21.232085655475483,-0.1344827562570572,0.1743842363357544,-0.0004926108522340655,0.0,0.0,0.0,20.465717315673828,13.497454643249512,23.311670303344727,20.172286987304688,13.36312484741211,23.423377990722656,unknown,19.897349752228834,13.423291305015827,23.49990331715551,2.778434816747904
0.0,0.0,0.0,108.56415057182312,15.425957679748535,9.715100288391113,23.850296020507812,Widerspruch,14,2918.7770080566406,13.782334191458565,9.40521924836295,23.701702526637487,0.08571428805589676,0.06813187152147293,0.3054945170879364,0.16170765459537506,0.11001302567975861,0.23245591670274734,17.06194496154785,10.48660659790039,26.225820541381836,17.103397369384766,10.421365737915039,27.05290412902832,unknown,16.90133810043335,10.49028560093471,26.376186234610422,5.24635833960313
0.0,0.0,0.0,122.45590506281171,13.036484718322754,12.083776473999023,22.8055477142334,Ziel,30,3367.8975575764975,13.178122838338217,11.28611036936442,22.28388353983561,-0.21290323138237,0.5577307939529419,0.8068965673446655,0.0,0.0,0.0,13.461414337158203,12.561775207519531,24.396352767944336,13.404345512390137,12.660859107971191,25.293750762939453,unknown,13.466907024383545,12.87446632385254,26.337897618611652,4.9486082216788985
0.0,0.0,0.0,220.82608728408815,14.012467384338379,9.200518608093262,21.511260986328125,reparieren,22,6135.594922517475,13.208643653176047,9.053623394532638,19.239109429446135,-0.42405420541763306,0.5697346329689026,0.0423489548265934,0.16640956157987769,0.10677173564379866,0.23004733567888086,14.523505210876465,9.907522201538086,22.639156341552734,14.450963020324707,9.876659393310547,22.556453704833984,unknown,14.426587798378684,9.911319949410178,22.530997796492144,8.810765987350827
