clip_id,legacy_region_tr_hand_pve_mm,legacy_region_tr_left_hand_pve_mm,legacy_region_tr_right_hand_pve_mm,root_aligned_body_pve_mm,root_aligned_hand_pve_mm,root_aligned_left_hand_pve_mm,root_aligned_right_hand_pve_mm,wrist_aligned_hand_pve_mm,wrist_aligned_left_hand_pve_mm,wrist_aligned_right_hand_pve_mm
Ablehnen,10.362593270345531,9.161933578010602,11.563252962680455,51.93081120345597,72.03289578294253,46.20831879886237,97.85747276702271,17.63869934346371,15.893986407482886,19.383412279444535
Akzeptieren,6.733755474200107,7.333893457001103,6.133617491399109,45.900959413149884,69.2633843560788,68.83651337853553,69.69025533362205,14.20411560895529,17.220103227086714,11.188127990823867
Arzt,8.27686467462574,8.854821704428728,7.698907644822751,52.063043003489796,53.8258170187797,54.61797139003587,53.03366264752355,14.800910110509832,19.700805820943973,9.901014400075692
AufgebenResignieren,10.958254291863291,9.931525091604115,11.984983492122467,45.632579016792654,67.02241712770434,63.99834543056016,70.04648882484852,23.07151128447081,24.169081430320606,21.973941138621015
AusgebenGeldVerschwenden,10.48749662565015,8.36760478136405,12.60738846993625,50.017693143589604,67.61957207217303,52.2704810132067,82.96866313113935,22.918415706928208,13.926732360542706,31.91009905331371
Auto,11.773021314155605,11.059849749132079,12.486192879179137,41.43509638800549,52.70258100367156,53.85981070176236,51.545351305580766,17.906656176963885,17.95135239358587,17.8619599603419
BesuchenEinmischen,13.507074721731827,15.411167284735942,11.602982158727718,48.52443940041876,62.69338999509607,60.581621800483184,64.80515818970896,25.23566014904632,28.10581150487469,22.365508793217952
Blitz,13.230467450748478,,13.230467450748478,67.09469151710911,58.725972662669896,,58.725972662669896,18.237609420933815,,18.237609420933815
Blume,12.754362844598115,15.119621023070707,10.389104666125522,52.83162214489645,61.93883216687424,58.577865565430976,65.29979876831752,19.123809452640323,25.06055544941434,13.1870634558663
Boese,20.208678349458303,,20.208678349458303,64.81784248851905,88.45173156389055,,88.45173156389055,42.360316975899764,,42.360316975899764
BroetchenAufschneiden,11.88351086742599,11.851421609997017,11.915600124854967,54.44914330294093,63.316760443745665,65.00532806366175,61.628192823829586,26.575440302024873,28.860399812748156,24.29048079130159
Dort,11.241658524055598,,11.241658524055598,61.56430555638178,77.15709384668845,,77.15709384668845,13.704095462145583,,13.704095462145583
Duenn,14.95950639881913,,14.95950639881913,65.17631127984072,71.31238697232129,,71.31238697232129,14.669412476658966,,14.669412476658966
Einkaufen,12.360067767071204,9.921121967710956,14.799013566431451,48.645619954162946,55.37290435786977,52.49583767966444,58.2499710360751,22.720992820278557,17.434406163524837,28.007579477032273
Einnehmen,13.425696530757964,13.867437256759217,12.983955804756706,51.60777349041356,69.7194013177376,68.070702250114,71.36810038536117,20.962433791845477,23.567245121959516,18.357622461731445
EinstellenJob,10.436023492687562,12.103475942430995,8.768571042944133,42.58960516622852,66.46219034158064,53.85962561907123,79.06475506409005,21.42103940251211,23.899322785409524,18.9427560196147
EisGefroren,10.556249516253049,10.514487508131593,10.598011524374503,43.77109111537732,63.91134430290641,50.93165422632065,76.89103437949217,20.942213552412408,23.451107999129224,18.433319105695606
Empathie,10.72417734577206,10.932734765124218,10.515619926419902,56.85043823934852,80.31908350380301,53.20573733002991,107.43242967757612,20.353456521729097,25.433828599393603,15.273084444064592
Entschuldigung,13.77947737399464,12.474421196250375,15.084533551738899,46.74262560896941,63.83118729648376,65.06107462310624,62.60129996986129,26.23515916724041,26.92675271059586,25.54356562388496
FestellenDiagnose,11.895662435977114,10.734167763593046,13.057157108361176,59.46872128464575,78.60192070206439,61.47133442777067,95.73250697635811,22.704759004001403,17.87654954404832,27.532968463954482
Frech,12.623476585531906,,12.623476585531906,73.38830568797563,71.7516048194748,,71.7516048194748,24.177926085710478,,24.177926085710478
Frieren,11.775503441248361,10.501824246469146,13.049182636027579,44.56059800819185,53.468975365685154,58.161576856836554,48.776373874533775,20.684198501810204,17.282760030630815,24.085636972989594
Frisch,12.77412303906833,13.299733650495078,12.248512427641582,63.272802868144325,83.50806404383486,76.88767995220712,90.12844813546263,20.354640815030123,22.606706226691944,18.102575403368306
Froh,10.278626757257989,9.943822885990887,10.613430628525094,48.79048183386413,62.56111289768668,50.28370134734187,74.83852444803146,16.244990961107842,15.830160021618184,16.659821900597496
Glas,12.642466515626621,11.988424251772848,13.29650877948039,43.528818338161805,48.60758686705165,35.79966585318564,61.415507880917666,18.891878905284106,19.12049262648209,18.66326518408612
IdiomPffIgnorieren,13.002964829946599,13.191004549930485,12.814925109962715,55.736690669176156,73.16913525839638,68.78327233354662,77.55499818324613,19.958703929132174,16.610333559055235,23.307074299209116
Jahr,13.301096716161911,,13.301096716161911,56.40232264225623,52.570781131584454,,52.570781131584454,15.199885235711736,,15.199885235711736
Klar,12.603608383652672,,12.603608383652672,61.38132159782094,54.955944376115454,,54.955944376115454,18.22160145091029,,18.22160145091029
Kochen,13.044182852841407,10.570310082428255,15.51805562325456,52.97155220490714,64.9227366959786,77.84807535562709,51.99739803633009,16.722719679110952,14.816989505712941,18.628449852508965
Lesen,10.373975866739459,9.624976644532497,11.122975088946422,51.847078555784066,74.03929108655426,96.10104506170445,51.977537111404025,15.488199688692653,16.560096827303003,14.4163025500823
LiebBitte,13.754849117135247,,13.754849117135247,70.57990502262588,86.11868457809828,,86.11868457809828,24.565445486210255,,24.565445486210255
Luegen,13.313773247724601,,13.313773247724601,75.00400473670996,55.70146939177363,,55.70146939177363,22.427227478309725,,22.427227478309725
Muell,15.57061760676286,,15.57061760676286,80.98143957532305,89.2167624891727,,89.2167624891727,21.245077191275392,,21.245077191275392
Mutter,9.235855039233057,,9.235855039233057,71.11983379208765,59.61387121136614,,59.61387121136614,20.122162888029347,,20.122162888029347
Naehen,12.630470806627487,15.211498536402326,10.049443076852647,43.17791775925107,51.67692323508041,48.800421297340705,54.55342517282011,20.943076692384935,24.522552818190636,17.363600566579237
Nebel,9.992248042207308,9.671999332870367,10.312496751544254,43.23809446566537,53.199916144681644,50.05739095252003,56.342441336843244,15.781121777778667,15.554241329296389,16.00800222626094
Neu,11.9112066847668,13.348475006573896,10.473938362959712,44.078510368066915,59.09849094862492,48.442515056787826,69.75446684046202,17.448100454470794,21.74150985849837,13.154691050443216
Operieren,10.991289350197562,12.73443645601052,9.248142244384601,38.83140338599,50.62127784521431,47.92429726361098,53.318258426817636,16.863711298940075,23.488178214233844,10.239244383646303
Regen,9.844397716082916,8.749915869198661,10.938879562967179,42.604664886890774,63.070525753497826,61.22891314129576,64.9121383656999,18.358273361945237,16.954535727576058,19.762010996314405
SauerWuetend,10.237802924632648,,10.237802924632648,84.40270080627324,40.985160780438285,,40.985160780438285,14.838460664624005,,14.838460664624005
Schnee,9.487767539652527,8.21792220520713,10.75761287409793,41.73876540885313,63.385446386172525,60.12383404009208,66.64705873225294,17.43344008231581,16.544118791768383,18.322761372863237
Schreiben,9.088171536718878,10.077698991309184,8.09864408212857,52.78902239808871,61.01894800036364,51.681997488635595,70.35589851209168,16.904426253294687,19.883198076662094,13.925654429927283
Schwach,10.922731640047346,11.020889758499207,10.824573521595484,53.535176979440465,104.0967796107911,121.87559746375258,86.31796175782966,25.74140035624911,28.82785535203417,22.654945360464062
Schwer,14.53317489315361,13.12548344061049,15.940866345696733,61.352444949785095,88.99060184220141,88.269489933419,89.71171375098383,19.585892586669235,17.631567666331257,21.540217507007213
Sonne,14.298999565557185,,14.298999565557185,51.99612829776069,41.35507821493976,,41.35507821493976,21.075109840641595,,21.075109840641595
Sorry,16.317274189416104,,16.317274189416104,80.10948260179569,48.43031933427642,,48.43031933427642,25.953138464769015,,25.953138464769015
SparenSparsam,12.622701035584862,13.887434120342526,11.357967950827197,50.951517906510674,61.525360295245655,61.804829763066216,61.2458908274251,17.647944123105262,22.807293318191785,12.488594928018738
Spezial,10.743510652222344,10.474818230871696,11.012203073572994,46.30180130716508,61.39879569431592,63.42920569769417,59.36838569093766,19.133717391550693,18.459633307161248,19.80780147594014
Tisch,10.070110972560816,10.860668281744303,9.279553663377326,48.34316891212754,85.94369114097577,76.95039378072708,94.93698850122445,22.93825470918676,25.130524021073704,20.745985397299812
Treffen,12.443544806626425,15.197197550770516,9.68989206248234,50.186779488500754,70.68911036596754,66.41781772330573,74.96040300862934,17.021153717708486,21.318952937282724,12.723354498134247
Vater,10.816397155568039,,10.816397155568039,61.0546773954207,68.8390011504246,,68.8390011504246,16.079288999070585,,16.079288999070585
Verschieden,12.613399274214231,12.069657419110628,13.157141129317834,45.557034809617456,70.46565717548025,60.23131585998611,80.69999849097437,20.944303362770228,22.067403002042916,19.821203723497533
VorsichtPassAuf,9.66747568759937,8.97189026415669,10.363061111042052,41.60293920569161,53.415334343853296,56.226494146420805,50.60417454128578,15.689799216976345,15.177900801069482,16.201697632883207
Waschen,16.45128278387025,19.782046246512312,13.120519321228192,62.5429323359998,77.0460738584933,59.79838929462866,94.29375842235794,26.248655753977786,29.392580702176538,23.104730805779038
Widerspruch,13.248502581999876,15.986035988329027,10.510969175670729,57.688942571297716,68.57769194163643,47.8672968770432,89.28808700622965,25.842560914391278,38.022334284517704,13.662787544264857
Ziel,13.161727601066875,13.622031881457913,12.701423320675838,50.52577256107816,80.65335359589348,89.38435717242258,71.92235001936433,17.942093286828875,16.44732827872488,19.43685829493287
reparieren,12.06909260154683,14.152852624666828,9.985332578426833,53.16652831725285,61.53034787635231,41.246737526533245,81.81395822617138,18.347239811954378,24.266396699404762,12.42808292450398
