dataset,clip_id,frame_id,selected_state,selected_label,observed_candidate_minus_baseline_mm
original_development,Ablehnen,149,1,m1_alpha_1p0,-2.1296377182006836
original_development,Ablehnen,151,1,m1_alpha_1p0,-1.9729623794555664
original_development,Ablehnen,153,1,m1_alpha_1p0,-1.7829551696777344
original_development,Ablehnen,155,1,m1_alpha_1p0,-2.7342042922973633
original_development,Ablehnen,157,1,m1_alpha_1p0,-3.2673730850219727
original_development,Ablehnen,159,1,m1_alpha_1p0,-3.570219039916992
original_development,Ablehnen,161,1,m1_alpha_1p0,-4.30024528503418
original_development,Ablehnen,163,1,m1_alpha_1p0,-4.302412986755371
original_development,Ablehnen,165,1,m1_alpha_1p0,-2.315108299255371
original_development,Ablehnen,167,1,m1_alpha_1p0,-3.9217309951782227
original_development,Ablehnen,169,1,m1_alpha_1p0,-3.9809179306030273
original_development,Ablehnen,171,1,m1_alpha_1p0,-3.2759504318237305
original_development,Ablehnen,173,1,m1_alpha_1p0,-3.1922483444213867
original_development,Ablehnen,175,1,m1_alpha_1p0,-4.046442985534668
original_development,Akzeptieren,124,0,legacy_a1_ensemble_hamer_fallback,0.0
original_development,Akzeptieren,126,0,legacy_a1_ensemble_hamer_fallback,0.0
original_development,Akzeptieren,128,0,legacy_a1_ensemble_hamer_fallback,0.0
original_development,Akzeptieren,130,0,legacy_a1_ensemble_hamer_fallback,0.0
original_development,Akzeptieren,132,0,legacy_a1_ensemble_hamer_fallback,0.0
original_development,Akzeptieren,134,0,legacy_a1_ensemble_hamer_fallback,0.0
original_development,Akzeptieren,136,0,legacy_a1_ensemble_hamer_fallback,0.0
original_development,Akzeptieren,138,0,legacy_a1_ensemble_hamer_fallback,0.0
original_development,Akzeptieren,140,0,legacy_a1_ensemble_hamer_fallback,0.0
original_development,Akzeptieren,142,0,legacy_a1_ensemble_hamer_fallback,0.0
original_development,Akzeptieren,144,0,legacy_a1_ensemble_hamer_fallback,0.0
original_development,Akzeptieren,146,0,legacy_a1_ensemble_hamer_fallback,0.0
original_development,Akzeptieren,148,0,legacy_a1_ensemble_hamer_fallback,0.0
original_development,Akzeptieren,150,0,legacy_a1_ensemble_hamer_fallback,0.0
original_development,Akzeptieren,152,0,legacy_a1_ensemble_hamer_fallback,0.0
original_development,Akzeptieren,154,0,legacy_a1_ensemble_hamer_fallback,0.0
original_development,Akzeptieren,156,0,legacy_a1_ensemble_hamer_fallback,0.0
original_development,Akzeptieren,158,0,legacy_a1_ensemble_hamer_fallback,0.0
original_development,Akzeptieren,160,0,legacy_a1_ensemble_hamer_fallback,0.0
original_development,Akzeptieren,162,0,legacy_a1_ensemble_hamer_fallback,0.0
original_development,Akzeptieren,164,0,legacy_a1_ensemble_hamer_fallback,0.0
original_development,Akzeptieren,166,0,legacy_a1_ensemble_hamer_fallback,0.0
original_development,Akzeptieren,168,0,legacy_a1_ensemble_hamer_fallback,0.0
original_development,Akzeptieren,170,0,legacy_a1_ensemble_hamer_fallback,0.0
original_development,Akzeptieren,172,0,legacy_a1_ensemble_hamer_fallback,0.0
original_development,Akzeptieren,174,0,legacy_a1_ensemble_hamer_fallback,0.0
original_development,Akzeptieren,176,0,legacy_a1_ensemble_hamer_fallback,0.0
original_development,Akzeptieren,178,0,legacy_a1_ensemble_hamer_fallback,0.0
original_development,Akzeptieren,180,0,legacy_a1_ensemble_hamer_fallback,0.0
original_development,Akzeptieren,182,0,legacy_a1_ensemble_hamer_fallback,0.0
original_development,Akzeptieren,184,0,legacy_a1_ensemble_hamer_fallback,0.0
original_development,AufgebenResignieren,122,1,m1_alpha_1p0,-1.1188983917236328
original_development,AufgebenResignieren,124,1,m1_alpha_1p0,-0.7483530044555664
original_development,AufgebenResignieren,126,1,m1_alpha_1p0,-1.8416986465454102
original_development,AufgebenResignieren,128,1,m1_alpha_1p0,-0.18099594116210938
original_development,AufgebenResignieren,130,1,m1_alpha_1p0,-0.7309856414794922
original_development,AufgebenResignieren,132,1,m1_alpha_1p0,-0.9916849136352539
original_development,AufgebenResignieren,134,1,m1_alpha_1p0,-0.7271547317504883
original_development,AufgebenResignieren,136,1,m1_alpha_1p0,-0.6288480758666992
original_development,AufgebenResignieren,138,1,m1_alpha_1p0,-0.6271381378173828
original_development,AufgebenResignieren,140,1,m1_alpha_1p0,-0.7590789794921875
original_development,AufgebenResignieren,142,1,m1_alpha_1p0,-1.3624143600463867
original_development,AufgebenResignieren,144,1,m1_alpha_1p0,-0.8970069885253906
original_development,AufgebenResignieren,146,1,m1_alpha_1p0,0.14480304718017578
original_development,AufgebenResignieren,148,1,m1_alpha_1p0,-0.972813606262207
original_development,AufgebenResignieren,150,1,m1_alpha_1p0,-1.2295875549316406
original_development,AufgebenResignieren,152,1,m1_alpha_1p0,-1.4267406463623047
original_development,AufgebenResignieren,154,1,m1_alpha_1p0,-1.7353324890136719
original_development,AufgebenResignieren,156,1,m1_alpha_1p0,-1.0931901931762695
original_development,AufgebenResignieren,158,1,m1_alpha_1p0,-0.9805364608764648
original_development,AufgebenResignieren,160,1,m1_alpha_1p0,-1.2991304397583008
original_development,AufgebenResignieren,162,1,m1_alpha_1p0,-1.3798847198486328
original_development,AufgebenResignieren,164,1,m1_alpha_1p0,-0.406646728515625
original_development,AufgebenResignieren,166,1,m1_alpha_1p0,-1.2949800491333008
original_development,AufgebenResignieren,168,1,m1_alpha_1p0,-0.5212993621826172
original_development,AufgebenResignieren,170,1,m1_alpha_1p0,-1.5153865814208984
original_development,AufgebenResignieren,172,1,m1_alpha_1p0,-0.6258373260498047
original_development,AufgebenResignieren,174,1,m1_alpha_1p0,-0.7742013931274414
original_development,AufgebenResignieren,176,1,m1_alpha_1p0,-1.7633800506591797
original_development,AufgebenResignieren,178,1,m1_alpha_1p0,-0.5373773574829102
original_development,AufgebenResignieren,180,1,m1_alpha_1p0,-1.5468111038208008
original_development,AufgebenResignieren,182,1,m1_alpha_1p0,-0.6336135864257812
original_development,AufgebenResignieren,184,1,m1_alpha_1p0,-1.796647071838379
original_development,AufgebenResignieren,186,1,m1_alpha_1p0,-0.5957269668579102
original_development,AufgebenResignieren,188,1,m1_alpha_1p0,-1.3471860885620117
original_development,AusgebenGeldVerschwenden,120,1,m1_alpha_1p0,-3.3279762268066406
original_development,AusgebenGeldVerschwenden,122,1,m1_alpha_1p0,-2.8630495071411133
original_development,AusgebenGeldVerschwenden,124,1,m1_alpha_1p0,-2.2147645950317383
original_development,AusgebenGeldVerschwenden,126,1,m1_alpha_1p0,-2.1856555938720703
original_development,AusgebenGeldVerschwenden,128,1,m1_alpha_1p0,-2.850069999694824
original_development,AusgebenGeldVerschwenden,130,1,m1_alpha_1p0,-3.2694520950317383
original_development,AusgebenGeldVerschwenden,132,1,m1_alpha_1p0,-3.2912425994873047
original_development,AusgebenGeldVerschwenden,134,1,m1_alpha_1p0,-2.702237129211426
original_development,AusgebenGeldVerschwenden,136,1,m1_alpha_1p0,-2.6046924591064453
original_development,AusgebenGeldVerschwenden,138,1,m1_alpha_1p0,-2.6328067779541016
original_development,AusgebenGeldVerschwenden,140,1,m1_alpha_1p0,-2.396221160888672
original_development,AusgebenGeldVerschwenden,142,1,m1_alpha_1p0,-1.975306510925293
original_development,AusgebenGeldVerschwenden,144,1,m1_alpha_1p0,-2.2063112258911133
original_development,AusgebenGeldVerschwenden,146,1,m1_alpha_1p0,-2.644224166870117
original_development,AusgebenGeldVerschwenden,148,1,m1_alpha_1p0,-3.4354591369628906
original_development,AusgebenGeldVerschwenden,150,1,m1_alpha_1p0,-3.038320541381836
original_development,AusgebenGeldVerschwenden,152,1,m1_alpha_1p0,-3.4460535049438477
original_development,AusgebenGeldVerschwenden,154,1,m1_alpha_1p0,-3.5341577529907227
original_development,AusgebenGeldVerschwenden,156,1,m1_alpha_1p0,-3.05255126953125
original_development,Auto,104,0,legacy_a1_ensemble_hamer_fallback,0.0
original_development,Auto,106,0,legacy_a1_ensemble_hamer_fallback,0.0
original_development,Auto,108,0,legacy_a1_ensemble_hamer_fallback,0.0
original_development,Auto,110,0,legacy_a1_ensemble_hamer_fallback,0.0
original_development,Auto,112,0,legacy_a1_ensemble_hamer_fallback,0.0
original_development,Auto,114,0,legacy_a1_ensemble_hamer_fallback,0.0
original_development,Auto,116,0,legacy_a1_ensemble_hamer_fallback,0.0
original_development,Auto,118,0,legacy_a1_ensemble_hamer_fallback,0.0
original_development,Auto,120,0,legacy_a1_ensemble_hamer_fallback,0.0
original_development,Auto,122,0,legacy_a1_ensemble_hamer_fallback,0.0
original_development,Auto,124,0,legacy_a1_ensemble_hamer_fallback,0.0
original_development,Auto,126,0,legacy_a1_ensemble_hamer_fallback,0.0
original_development,Auto,128,0,legacy_a1_ensemble_hamer_fallback,0.0
original_development,Auto,130,0,legacy_a1_ensemble_hamer_fallback,0.0
original_development,Auto,132,0,legacy_a1_ensemble_hamer_fallback,0.0
original_development,Auto,134,0,legacy_a1_ensemble_hamer_fallback,0.0
original_development,Auto,136,0,legacy_a1_ensemble_hamer_fallback,0.0
original_development,Auto,138,0,legacy_a1_ensemble_hamer_fallback,0.0
original_development,Auto,140,0,legacy_a1_ensemble_hamer_fallback,0.0
original_development,Auto,142,0,legacy_a1_ensemble_hamer_fallback,0.0
original_development,Auto,144,0,legacy_a1_ensemble_hamer_fallback,0.0
original_development,Auto,146,0,legacy_a1_ensemble_hamer_fallback,0.0
original_development,Auto,148,0,legacy_a1_ensemble_hamer_fallback,0.0
original_development,Auto,150,0,legacy_a1_ensemble_hamer_fallback,0.0
original_development,Auto,152,0,legacy_a1_ensemble_hamer_fallback,0.0
original_development,Auto,154,0,legacy_a1_ensemble_hamer_fallback,0.0
original_development,Auto,156,0,legacy_a1_ensemble_hamer_fallback,0.0
original_development,Auto,158,0,legacy_a1_ensemble_hamer_fallback,0.0
original_development,Auto,160,0,legacy_a1_ensemble_hamer_fallback,0.0
original_development,Auto,162,0,legacy_a1_ensemble_hamer_fallback,0.0
original_development,Auto,164,0,legacy_a1_ensemble_hamer_fallback,0.0
original_development,Auto,166,0,legacy_a1_ensemble_hamer_fallback,0.0
original_development,Auto,168,0,legacy_a1_ensemble_hamer_fallback,0.0
original_development,Auto,170,0,legacy_a1_ensemble_hamer_fallback,0.0
original_development,Auto,172,0,legacy_a1_ensemble_hamer_fallback,0.0
original_development,BesuchenEinmischen,172,1,m1_alpha_1p0,-1.8728599548339844
original_development,BesuchenEinmischen,174,1,m1_alpha_1p0,-2.8764877319335938
original_development,BesuchenEinmischen,176,1,m1_alpha_1p0,3.6389312744140625
original_development,BesuchenEinmischen,178,1,m1_alpha_1p0,-5.210353851318359
original_development,BesuchenEinmischen,180,1,m1_alpha_1p0,-4.594438552856445
original_development,BesuchenEinmischen,182,1,m1_alpha_1p0,3.2286739349365234
original_development,BesuchenEinmischen,184,1,m1_alpha_1p0,-3.2645263671875
original_development,BesuchenEinmischen,186,1,m1_alpha_1p0,2.592081069946289
original_development,BesuchenEinmischen,188,1,m1_alpha_1p0,-4.144862174987793
original_development,BesuchenEinmischen,190,1,m1_alpha_1p0,2.9988842010498047
original_development,BesuchenEinmischen,192,1,m1_alpha_1p0,-4.2385711669921875
original_development,BesuchenEinmischen,194,1,m1_alpha_1p0,3.0499114990234375
original_development,BesuchenEinmischen,196,1,m1_alpha_1p0,-4.403286933898926
original_development,BesuchenEinmischen,198,1,m1_alpha_1p0,-1.5168476104736328
original_development,BesuchenEinmischen,200,1,m1_alpha_1p0,-3.8465919494628906
original_development,BesuchenEinmischen,202,1,m1_alpha_1p0,0.4418067932128906
original_development,BesuchenEinmischen,204,1,m1_alpha_1p0,-2.2649917602539062
original_development,BesuchenEinmischen,206,1,m1_alpha_1p0,-0.4030170440673828
original_development,BesuchenEinmischen,208,1,m1_alpha_1p0,-3.3341245651245117
original_development,Boese,127,3,m1_alpha_3p0,8.737834930419922
original_development,Boese,129,3,m1_alpha_3p0,-12.244709014892578
original_development,Boese,131,3,m1_alpha_3p0,-11.456214904785156
original_development,Boese,133,3,m1_alpha_3p0,9.246391296386719
original_development,Boese,135,3,m1_alpha_3p0,-13.168346405029297
original_development,Boese,137,3,m1_alpha_3p0,9.72781753540039
original_development,Boese,139,3,m1_alpha_3p0,-1.0462188720703125
original_development,Boese,141,3,m1_alpha_3p0,-11.505462646484375
original_development,Boese,143,3,m1_alpha_3p0,11.146869659423828
original_development,Boese,145,3,m1_alpha_3p0,-12.950916290283203
original_development,Boese,147,3,m1_alpha_3p0,-11.104415893554688
original_development,Boese,149,3,m1_alpha_3p0,9.277290344238281
original_development,Boese,151,3,m1_alpha_3p0,-13.227653503417969
original_development,Boese,153,3,m1_alpha_3p0,7.615394592285156
original_development,Boese,155,3,m1_alpha_3p0,-12.492828369140625
original_development,Boese,157,3,m1_alpha_3p0,-13.582450866699219
original_development,Boese,159,3,m1_alpha_3p0,8.812740325927734
original_development,Boese,161,3,m1_alpha_3p0,-14.094230651855469
original_development,Boese,163,3,m1_alpha_3p0,4.598217010498047
original_development,BroetchenAufschneiden,151,1,m1_alpha_1p0,-0.520939826965332
original_development,BroetchenAufschneiden,153,1,m1_alpha_1p0,0.7257194519042969
original_development,BroetchenAufschneiden,155,1,m1_alpha_1p0,-1.1902055740356445
original_development,BroetchenAufschneiden,157,1,m1_alpha_1p0,1.263101577758789
original_development,BroetchenAufschneiden,159,1,m1_alpha_1p0,-1.0771808624267578
original_development,BroetchenAufschneiden,161,1,m1_alpha_1p0,-0.8908100128173828
original_development,BroetchenAufschneiden,163,1,m1_alpha_1p0,1.23651123046875
original_development,BroetchenAufschneiden,165,1,m1_alpha_1p0,-1.2250375747680664
original_development,BroetchenAufschneiden,167,1,m1_alpha_1p0,1.7111759185791016
original_development,BroetchenAufschneiden,169,1,m1_alpha_1p0,-1.3596277236938477
original_development,BroetchenAufschneiden,171,1,m1_alpha_1p0,0.9269199371337891
original_development,BroetchenAufschneiden,173,1,m1_alpha_1p0,-0.047812461853027344
original_development,BroetchenAufschneiden,175,1,m1_alpha_1p0,-0.7095003128051758
original_development,BroetchenAufschneiden,177,1,m1_alpha_1p0,-0.8940925598144531
original_development,BroetchenAufschneiden,179,1,m1_alpha_1p0,-1.0198564529418945
original_development,BroetchenAufschneiden,181,1,m1_alpha_1p0,1.2078361511230469
original_development,BroetchenAufschneiden,183,1,m1_alpha_1p0,-1.575840950012207
original_development,BroetchenAufschneiden,185,1,m1_alpha_1p0,-0.8301792144775391
original_development,BroetchenAufschneiden,187,1,m1_alpha_1p0,0.5891733169555664
original_development,BroetchenAufschneiden,189,1,m1_alpha_1p0,-1.4306344985961914
original_development,BroetchenAufschneiden,191,1,m1_alpha_1p0,-1.0183486938476562
original_development,BroetchenAufschneiden,193,1,m1_alpha_1p0,0.4309206008911133
original_development,BroetchenAufschneiden,195,1,m1_alpha_1p0,0.6984796524047852
original_development,BroetchenAufschneiden,197,1,m1_alpha_1p0,-0.8060111999511719
original_development,BroetchenAufschneiden,199,1,m1_alpha_1p0,1.5323705673217773
original_development,BroetchenAufschneiden,201,1,m1_alpha_1p0,-1.0437383651733398
original_development,BroetchenAufschneiden,203,1,m1_alpha_1p0,1.1508970260620117
original_development,BroetchenAufschneiden,205,1,m1_alpha_1p0,-1.2175025939941406
original_development,BroetchenAufschneiden,207,1,m1_alpha_1p0,-1.1525850296020508
original_development,BroetchenAufschneiden,209,1,m1_alpha_1p0,-1.040980339050293
original_development,BroetchenAufschneiden,211,1,m1_alpha_1p0,1.6471433639526367
original_development,BroetchenAufschneiden,213,1,m1_alpha_1p0,-0.8013505935668945
original_development,BroetchenAufschneiden,215,1,m1_alpha_1p0,-0.9026269912719727
original_development,BroetchenAufschneiden,217,1,m1_alpha_1p0,1.0811548233032227
original_development,BroetchenAufschneiden,219,1,m1_alpha_1p0,1.1524829864501953
original_development,BroetchenAufschneiden,221,1,m1_alpha_1p0,-0.924098014831543
original_development,BroetchenAufschneiden,223,1,m1_alpha_1p0,1.7837343215942383
original_development,BroetchenAufschneiden,225,1,m1_alpha_1p0,-1.022359848022461
original_development,BroetchenAufschneiden,227,1,m1_alpha_1p0,1.6436471939086914
original_development,BroetchenAufschneiden,229,1,m1_alpha_1p0,-1.129079818725586
original_development,BroetchenAufschneiden,231,1,m1_alpha_1p0,0.45145606994628906
original_development,BroetchenAufschneiden,233,1,m1_alpha_1p0,0.018891334533691406
original_development,BroetchenAufschneiden,235,1,m1_alpha_1p0,-2.1124753952026367
original_development,BroetchenAufschneiden,237,1,m1_alpha_1p0,1.079768180847168
original_development,BroetchenAufschneiden,239,1,m1_alpha_1p0,-1.9737520217895508
original_development,BroetchenAufschneiden,241,1,m1_alpha_1p0,1.63458251953125
original_development,BroetchenAufschneiden,243,1,m1_alpha_1p0,-2.303243637084961
original_development,BroetchenAufschneiden,245,1,m1_alpha_1p0,-0.5614204406738281
original_development,Einnehmen,161,3,m1_alpha_3p0,-6.115145683288574
original_development,Einnehmen,163,3,m1_alpha_3p0,-5.097736358642578
original_development,Einnehmen,165,3,m1_alpha_3p0,-3.9565553665161133
original_development,Einnehmen,167,3,m1_alpha_3p0,-5.589845657348633
original_development,Einnehmen,169,3,m1_alpha_3p0,-5.373675346374512
original_development,Einnehmen,171,3,m1_alpha_3p0,-5.247703552246094
original_development,Einnehmen,173,3,m1_alpha_3p0,8.153413772583008
original_development,Einnehmen,175,3,m1_alpha_3p0,-3.7863082885742188
original_development,Einnehmen,177,3,m1_alpha_3p0,2.268970489501953
original_development,Einnehmen,179,3,m1_alpha_3p0,-7.742606163024902
original_development,Einnehmen,181,3,m1_alpha_3p0,-8.793569564819336
original_development,Einnehmen,183,3,m1_alpha_3p0,-5.345022201538086
original_development,Einnehmen,185,3,m1_alpha_3p0,-9.519360542297363
original_development,Einnehmen,187,3,m1_alpha_3p0,6.292547225952148
original_development,Einnehmen,189,3,m1_alpha_3p0,-7.492917060852051
original_development,Einnehmen,191,3,m1_alpha_3p0,2.566600799560547
original_development,Einnehmen,193,3,m1_alpha_3p0,-6.981066703796387
original_development,Einnehmen,195,3,m1_alpha_3p0,4.2883758544921875
original_development,Einnehmen,197,3,m1_alpha_3p0,-6.4069366455078125
original_development,Einnehmen,199,3,m1_alpha_3p0,-6.753191947937012
original_development,Einnehmen,201,3,m1_alpha_3p0,-2.576162338256836
original_development,Einnehmen,203,3,m1_alpha_3p0,4.082515716552734
original_development,Einnehmen,205,3,m1_alpha_3p0,-8.221915245056152
original_development,Einnehmen,207,3,m1_alpha_3p0,-7.3658905029296875
original_development,Einnehmen,209,3,m1_alpha_3p0,12.165624618530273
original_development,Einnehmen,211,3,m1_alpha_3p0,-6.64362907409668
original_development,Einnehmen,213,3,m1_alpha_3p0,-2.6659421920776367
original_development,Einnehmen,215,3,m1_alpha_3p0,-6.743451118469238
original_development,Einnehmen,217,3,m1_alpha_3p0,8.400177001953125
original_development,Einnehmen,219,3,m1_alpha_3p0,-7.338706970214844
original_development,Einnehmen,221,3,m1_alpha_3p0,-4.89107608795166
original_development,Entschuldigung,129,0,legacy_a1_ensemble_hamer_fallback,0.0
original_development,Entschuldigung,131,0,legacy_a1_ensemble_hamer_fallback,0.0
original_development,Entschuldigung,133,0,legacy_a1_ensemble_hamer_fallback,0.0
original_development,Entschuldigung,135,0,legacy_a1_ensemble_hamer_fallback,0.0
original_development,Entschuldigung,137,0,legacy_a1_ensemble_hamer_fallback,0.0
original_development,Entschuldigung,139,0,legacy_a1_ensemble_hamer_fallback,0.0
original_development,Entschuldigung,141,0,legacy_a1_ensemble_hamer_fallback,0.0
original_development,Entschuldigung,143,0,legacy_a1_ensemble_hamer_fallback,0.0
original_development,Entschuldigung,145,0,legacy_a1_ensemble_hamer_fallback,0.0
original_development,Entschuldigung,147,0,legacy_a1_ensemble_hamer_fallback,0.0
original_development,Entschuldigung,149,0,legacy_a1_ensemble_hamer_fallback,0.0
original_development,Entschuldigung,151,0,legacy_a1_ensemble_hamer_fallback,0.0
original_development,Entschuldigung,153,0,legacy_a1_ensemble_hamer_fallback,0.0
original_development,Entschuldigung,155,0,legacy_a1_ensemble_hamer_fallback,0.0
original_development,Entschuldigung,157,0,legacy_a1_ensemble_hamer_fallback,0.0
original_development,Entschuldigung,159,0,legacy_a1_ensemble_hamer_fallback,0.0
original_development,Entschuldigung,161,0,legacy_a1_ensemble_hamer_fallback,0.0
original_development,Entschuldigung,163,0,legacy_a1_ensemble_hamer_fallback,0.0
original_development,Entschuldigung,165,0,legacy_a1_ensemble_hamer_fallback,0.0
original_development,Entschuldigung,167,0,legacy_a1_ensemble_hamer_fallback,0.0
original_development,Entschuldigung,169,0,legacy_a1_ensemble_hamer_fallback,0.0
original_development,Entschuldigung,171,0,legacy_a1_ensemble_hamer_fallback,0.0
original_development,Entschuldigung,173,0,legacy_a1_ensemble_hamer_fallback,0.0
original_development,Entschuldigung,175,0,legacy_a1_ensemble_hamer_fallback,0.0
original_development,Entschuldigung,177,0,legacy_a1_ensemble_hamer_fallback,0.0
original_development,Entschuldigung,179,0,legacy_a1_ensemble_hamer_fallback,0.0
original_development,Entschuldigung,181,0,legacy_a1_ensemble_hamer_fallback,0.0
original_development,Entschuldigung,183,0,legacy_a1_ensemble_hamer_fallback,0.0
original_development,Entschuldigung,185,0,legacy_a1_ensemble_hamer_fallback,0.0
original_development,Entschuldigung,187,0,legacy_a1_ensemble_hamer_fallback,0.0
original_development,Entschuldigung,189,0,legacy_a1_ensemble_hamer_fallback,0.0
original_development,FestellenDiagnose,141,1,m1_alpha_1p0,-0.7940959930419922
original_development,FestellenDiagnose,143,1,m1_alpha_1p0,0.6490330696105957
original_development,FestellenDiagnose,145,1,m1_alpha_1p0,-0.9651961326599121
original_development,FestellenDiagnose,147,1,m1_alpha_1p0,0.46689414978027344
original_development,FestellenDiagnose,149,1,m1_alpha_1p0,-1.9813427925109863
original_development,FestellenDiagnose,151,1,m1_alpha_1p0,-1.4914007186889648
original_development,FestellenDiagnose,153,1,m1_alpha_1p0,-1.265512466430664
original_development,FestellenDiagnose,155,1,m1_alpha_1p0,0.010906219482421875
original_development,FestellenDiagnose,157,1,m1_alpha_1p0,-1.3272361755371094
original_development,FestellenDiagnose,159,1,m1_alpha_1p0,-2.252979278564453
original_development,FestellenDiagnose,161,1,m1_alpha_1p0,-1.5954313278198242
original_development,FestellenDiagnose,163,1,m1_alpha_1p0,-2.2234482765197754
original_development,FestellenDiagnose,165,1,m1_alpha_1p0,-0.4664630889892578
original_development,FestellenDiagnose,167,1,m1_alpha_1p0,-2.549161911010742
original_development,FestellenDiagnose,169,1,m1_alpha_1p0,-1.5686368942260742
original_development,FestellenDiagnose,171,1,m1_alpha_1p0,-1.8231277465820312
original_development,FestellenDiagnose,173,1,m1_alpha_1p0,-1.9934101104736328
original_development,FestellenDiagnose,175,1,m1_alpha_1p0,-1.8221416473388672
original_development,FestellenDiagnose,177,1,m1_alpha_1p0,-0.20256328582763672
original_development,FestellenDiagnose,179,1,m1_alpha_1p0,-1.6389904022216797
original_development,FestellenDiagnose,181,1,m1_alpha_1p0,-0.05682659149169922
original_development,FestellenDiagnose,183,1,m1_alpha_1p0,-1.684518814086914
original_development,FestellenDiagnose,185,1,m1_alpha_1p0,-1.4761505126953125
original_development,FestellenDiagnose,187,1,m1_alpha_1p0,-0.6488895416259766
original_development,FestellenDiagnose,189,1,m1_alpha_1p0,-0.6141424179077148
original_development,FestellenDiagnose,191,1,m1_alpha_1p0,-1.1983528137207031
original_development,FestellenDiagnose,193,1,m1_alpha_1p0,0.06937122344970703
original_development,FestellenDiagnose,195,1,m1_alpha_1p0,-1.896906852722168
original_development,Frieren,152,0,legacy_a1_ensemble_hamer_fallback,0.0
original_development,Frieren,154,0,legacy_a1_ensemble_hamer_fallback,0.0
original_development,Frieren,156,0,legacy_a1_ensemble_hamer_fallback,0.0
original_development,Frieren,158,0,legacy_a1_ensemble_hamer_fallback,0.0
original_development,Frieren,160,0,legacy_a1_ensemble_hamer_fallback,0.0
original_development,Frieren,162,0,legacy_a1_ensemble_hamer_fallback,0.0
original_development,Frieren,164,0,legacy_a1_ensemble_hamer_fallback,0.0
original_development,Frieren,166,0,legacy_a1_ensemble_hamer_fallback,0.0
original_development,Frieren,168,0,legacy_a1_ensemble_hamer_fallback,0.0
original_development,Frieren,170,0,legacy_a1_ensemble_hamer_fallback,0.0
original_development,Frieren,172,0,legacy_a1_ensemble_hamer_fallback,0.0
original_development,Frieren,174,0,legacy_a1_ensemble_hamer_fallback,0.0
original_development,Frieren,176,0,legacy_a1_ensemble_hamer_fallback,0.0
original_development,Frieren,178,0,legacy_a1_ensemble_hamer_fallback,0.0
original_development,Frieren,180,0,legacy_a1_ensemble_hamer_fallback,0.0
original_development,Frieren,182,0,legacy_a1_ensemble_hamer_fallback,0.0
original_development,Frieren,184,0,legacy_a1_ensemble_hamer_fallback,0.0
original_development,Frieren,186,0,legacy_a1_ensemble_hamer_fallback,0.0
original_development,Frieren,188,0,legacy_a1_ensemble_hamer_fallback,0.0
original_development,Glas,104,0,legacy_a1_ensemble_hamer_fallback,0.0
original_development,Glas,106,0,legacy_a1_ensemble_hamer_fallback,0.0
original_development,Glas,108,0,legacy_a1_ensemble_hamer_fallback,0.0
original_development,Glas,110,0,legacy_a1_ensemble_hamer_fallback,0.0
original_development,Glas,112,0,legacy_a1_ensemble_hamer_fallback,0.0
original_development,Glas,114,0,legacy_a1_ensemble_hamer_fallback,0.0
original_development,Glas,116,0,legacy_a1_ensemble_hamer_fallback,0.0
original_development,Glas,118,0,legacy_a1_ensemble_hamer_fallback,0.0
original_development,Glas,120,0,legacy_a1_ensemble_hamer_fallback,0.0
original_development,Glas,122,0,legacy_a1_ensemble_hamer_fallback,0.0
original_development,Glas,124,0,legacy_a1_ensemble_hamer_fallback,0.0
original_development,Glas,126,0,legacy_a1_ensemble_hamer_fallback,0.0
original_development,Glas,128,0,legacy_a1_ensemble_hamer_fallback,0.0
original_development,Glas,130,0,legacy_a1_ensemble_hamer_fallback,0.0
original_development,Glas,132,0,legacy_a1_ensemble_hamer_fallback,0.0
original_development,Glas,134,0,legacy_a1_ensemble_hamer_fallback,0.0
original_development,Glas,136,0,legacy_a1_ensemble_hamer_fallback,0.0
original_development,Glas,138,0,legacy_a1_ensemble_hamer_fallback,0.0
original_development,IdiomPffIgnorieren,122,0,legacy_a1_ensemble_hamer_fallback,0.0
original_development,IdiomPffIgnorieren,124,0,legacy_a1_ensemble_hamer_fallback,0.0
original_development,IdiomPffIgnorieren,126,0,legacy_a1_ensemble_hamer_fallback,0.0
original_development,IdiomPffIgnorieren,128,0,legacy_a1_ensemble_hamer_fallback,0.0
original_development,IdiomPffIgnorieren,130,0,legacy_a1_ensemble_hamer_fallback,0.0
original_development,IdiomPffIgnorieren,132,0,legacy_a1_ensemble_hamer_fallback,0.0
original_development,IdiomPffIgnorieren,134,0,legacy_a1_ensemble_hamer_fallback,0.0
original_development,IdiomPffIgnorieren,136,0,legacy_a1_ensemble_hamer_fallback,0.0
original_development,IdiomPffIgnorieren,138,0,legacy_a1_ensemble_hamer_fallback,0.0
original_development,IdiomPffIgnorieren,140,0,legacy_a1_ensemble_hamer_fallback,0.0
original_development,IdiomPffIgnorieren,142,0,legacy_a1_ensemble_hamer_fallback,0.0
original_development,IdiomPffIgnorieren,144,0,legacy_a1_ensemble_hamer_fallback,0.0
original_development,IdiomPffIgnorieren,146,0,legacy_a1_ensemble_hamer_fallback,0.0
original_development,IdiomPffIgnorieren,148,0,legacy_a1_ensemble_hamer_fallback,0.0
original_development,IdiomPffIgnorieren,150,0,legacy_a1_ensemble_hamer_fallback,0.0
original_development,IdiomPffIgnorieren,152,0,legacy_a1_ensemble_hamer_fallback,0.0
original_development,Jahr,162,3,m1_alpha_3p0,2.6035423278808594
original_development,Jahr,164,3,m1_alpha_3p0,-14.88385009765625
original_development,Jahr,166,3,m1_alpha_3p0,-0.002544403076171875
original_development,Jahr,168,3,m1_alpha_3p0,-14.742183685302734
original_development,Jahr,170,3,m1_alpha_3p0,3.529796600341797
original_development,Jahr,172,3,m1_alpha_3p0,-1.6568183898925781
original_development,Jahr,174,3,m1_alpha_3p0,2.86468505859375
original_development,Jahr,176,3,m1_alpha_3p0,-13.541030883789062
original_development,Jahr,178,3,m1_alpha_3p0,-13.213470458984375
original_development,Jahr,180,3,m1_alpha_3p0,3.346416473388672
original_development,Jahr,182,3,m1_alpha_3p0,-9.41204833984375
original_development,Jahr,184,3,m1_alpha_3p0,5.286411285400391
original_development,Jahr,186,3,m1_alpha_3p0,-11.72344970703125
original_development,Jahr,188,3,m1_alpha_3p0,14.054729461669922
original_development,Jahr,190,3,m1_alpha_3p0,1.3797950744628906
original_development,Jahr,192,3,m1_alpha_3p0,-8.09222412109375
original_development,Jahr,194,3,m1_alpha_3p0,5.780731201171875
original_development,Jahr,196,3,m1_alpha_3p0,1.9804649353027344
original_development,Jahr,198,3,m1_alpha_3p0,-3.225757598876953
original_development,Jahr,200,3,m1_alpha_3p0,11.918895721435547
original_development,Jahr,202,3,m1_alpha_3p0,-7.671649932861328
original_development,Jahr,204,3,m1_alpha_3p0,7.1182403564453125
original_development,Jahr,206,3,m1_alpha_3p0,-4.137126922607422
original_development,Jahr,208,3,m1_alpha_3p0,5.5202789306640625
original_development,Jahr,210,3,m1_alpha_3p0,-1.4776725769042969
original_development,Jahr,212,3,m1_alpha_3p0,-6.094158172607422
original_development,Jahr,214,3,m1_alpha_3p0,8.979316711425781
original_development,Jahr,216,3,m1_alpha_3p0,-5.9318389892578125
original_development,Jahr,218,3,m1_alpha_3p0,-6.88963508605957
original_development,Jahr,220,3,m1_alpha_3p0,7.046913146972656
original_development,Jahr,222,3,m1_alpha_3p0,-10.339653015136719
original_development,Jahr,224,3,m1_alpha_3p0,9.890422821044922
original_development,Jahr,226,3,m1_alpha_3p0,-4.441394805908203
original_development,Jahr,228,3,m1_alpha_3p0,4.2718505859375
original_development,Jahr,230,3,m1_alpha_3p0,-10.897525787353516
original_development,Jahr,232,3,m1_alpha_3p0,4.689579010009766
original_development,Jahr,234,3,m1_alpha_3p0,-12.851425170898438
original_development,Jahr,236,3,m1_alpha_3p0,-11.752803802490234
original_development,Jahr,238,3,m1_alpha_3p0,6.387836456298828
original_development,Jahr,240,3,m1_alpha_3p0,-13.429859161376953
original_development,Lesen,153,0,legacy_a1_ensemble_hamer_fallback,0.0
original_development,Lesen,155,0,legacy_a1_ensemble_hamer_fallback,0.0
original_development,Lesen,157,0,legacy_a1_ensemble_hamer_fallback,0.0
original_development,Lesen,159,0,legacy_a1_ensemble_hamer_fallback,0.0
original_development,Lesen,161,0,legacy_a1_ensemble_hamer_fallback,0.0
original_development,Lesen,163,0,legacy_a1_ensemble_hamer_fallback,0.0
original_development,Lesen,165,0,legacy_a1_ensemble_hamer_fallback,0.0
original_development,Lesen,167,0,legacy_a1_ensemble_hamer_fallback,0.0
original_development,Lesen,169,0,legacy_a1_ensemble_hamer_fallback,0.0
original_development,Lesen,171,0,legacy_a1_ensemble_hamer_fallback,0.0
original_development,Lesen,173,0,legacy_a1_ensemble_hamer_fallback,0.0
original_development,Lesen,175,0,legacy_a1_ensemble_hamer_fallback,0.0
original_development,Lesen,177,0,legacy_a1_ensemble_hamer_fallback,0.0
original_development,Lesen,179,0,legacy_a1_ensemble_hamer_fallback,0.0
original_development,Lesen,181,0,legacy_a1_ensemble_hamer_fallback,0.0
original_development,Lesen,183,0,legacy_a1_ensemble_hamer_fallback,0.0
original_development,Lesen,185,0,legacy_a1_ensemble_hamer_fallback,0.0
original_development,Lesen,187,0,legacy_a1_ensemble_hamer_fallback,0.0
original_development,Lesen,189,0,legacy_a1_ensemble_hamer_fallback,0.0
original_development,Lesen,191,0,legacy_a1_ensemble_hamer_fallback,0.0
original_development,Lesen,193,0,legacy_a1_ensemble_hamer_fallback,0.0
original_development,Lesen,195,0,legacy_a1_ensemble_hamer_fallback,0.0
original_development,Lesen,197,0,legacy_a1_ensemble_hamer_fallback,0.0
original_development,Lesen,199,0,legacy_a1_ensemble_hamer_fallback,0.0
original_development,Lesen,201,0,legacy_a1_ensemble_hamer_fallback,0.0
original_development,Lesen,203,0,legacy_a1_ensemble_hamer_fallback,0.0
original_development,Lesen,205,0,legacy_a1_ensemble_hamer_fallback,0.0
original_development,Lesen,207,0,legacy_a1_ensemble_hamer_fallback,0.0
original_development,Lesen,209,0,legacy_a1_ensemble_hamer_fallback,0.0
original_development,Lesen,211,0,legacy_a1_ensemble_hamer_fallback,0.0
original_development,Lesen,213,0,legacy_a1_ensemble_hamer_fallback,0.0
original_development,Muell,116,3,m1_alpha_3p0,-1.6366195678710938
original_development,Muell,118,3,m1_alpha_3p0,-0.9491500854492188
original_development,Muell,120,3,m1_alpha_3p0,-13.370582580566406
original_development,Muell,122,3,m1_alpha_3p0,-2.0350074768066406
original_development,Muell,124,3,m1_alpha_3p0,5.811046600341797
original_development,Muell,126,3,m1_alpha_3p0,-1.4472084045410156
original_development,Muell,128,3,m1_alpha_3p0,-15.358722686767578
original_development,Muell,130,3,m1_alpha_3p0,10.557254791259766
original_development,Muell,132,3,m1_alpha_3p0,-12.227537155151367
original_development,Muell,134,3,m1_alpha_3p0,11.072826385498047
original_development,Muell,136,3,m1_alpha_3p0,11.431507110595703
original_development,Muell,138,3,m1_alpha_3p0,-11.680416107177734
original_development,Muell,140,3,m1_alpha_3p0,-11.923973083496094
original_development,Muell,142,3,m1_alpha_3p0,7.081226348876953
original_development,Muell,144,3,m1_alpha_3p0,-11.95119857788086
original_development,Nebel,118,0,legacy_a1_ensemble_hamer_fallback,0.0
original_development,Nebel,120,0,legacy_a1_ensemble_hamer_fallback,0.0
original_development,Nebel,122,0,legacy_a1_ensemble_hamer_fallback,0.0
original_development,Nebel,124,0,legacy_a1_ensemble_hamer_fallback,0.0
original_development,Nebel,126,0,legacy_a1_ensemble_hamer_fallback,0.0
original_development,Nebel,128,0,legacy_a1_ensemble_hamer_fallback,0.0
original_development,Nebel,130,0,legacy_a1_ensemble_hamer_fallback,0.0
original_development,Nebel,132,0,legacy_a1_ensemble_hamer_fallback,0.0
original_development,Nebel,134,0,legacy_a1_ensemble_hamer_fallback,0.0
original_development,Nebel,136,0,legacy_a1_ensemble_hamer_fallback,0.0
original_development,Nebel,138,0,legacy_a1_ensemble_hamer_fallback,0.0
original_development,Nebel,140,0,legacy_a1_ensemble_hamer_fallback,0.0
original_development,Nebel,142,0,legacy_a1_ensemble_hamer_fallback,0.0
original_development,Nebel,144,0,legacy_a1_ensemble_hamer_fallback,0.0
original_development,Nebel,146,0,legacy_a1_ensemble_hamer_fallback,0.0
original_development,Nebel,148,0,legacy_a1_ensemble_hamer_fallback,0.0
original_development,Nebel,150,0,legacy_a1_ensemble_hamer_fallback,0.0
original_development,Nebel,152,0,legacy_a1_ensemble_hamer_fallback,0.0
original_development,Nebel,154,0,legacy_a1_ensemble_hamer_fallback,0.0
original_development,Nebel,156,0,legacy_a1_ensemble_hamer_fallback,0.0
original_development,Nebel,158,0,legacy_a1_ensemble_hamer_fallback,0.0
original_development,Nebel,160,0,legacy_a1_ensemble_hamer_fallback,0.0
original_development,Nebel,162,0,legacy_a1_ensemble_hamer_fallback,0.0
original_development,Nebel,164,0,legacy_a1_ensemble_hamer_fallback,0.0
original_development,Nebel,166,0,legacy_a1_ensemble_hamer_fallback,0.0
original_development,Nebel,168,0,legacy_a1_ensemble_hamer_fallback,0.0
original_development,Nebel,170,0,legacy_a1_ensemble_hamer_fallback,0.0
original_development,Nebel,172,0,legacy_a1_ensemble_hamer_fallback,0.0
original_development,Nebel,174,0,legacy_a1_ensemble_hamer_fallback,0.0
original_development,Nebel,176,0,legacy_a1_ensemble_hamer_fallback,0.0
original_development,Nebel,178,0,legacy_a1_ensemble_hamer_fallback,0.0
original_development,Nebel,180,0,legacy_a1_ensemble_hamer_fallback,0.0
original_development,Nebel,182,0,legacy_a1_ensemble_hamer_fallback,0.0
original_development,Nebel,184,0,legacy_a1_ensemble_hamer_fallback,0.0
original_development,Nebel,186,0,legacy_a1_ensemble_hamer_fallback,0.0
original_development,Nebel,188,0,legacy_a1_ensemble_hamer_fallback,0.0
original_development,Nebel,190,0,legacy_a1_ensemble_hamer_fallback,0.0
original_development,Nebel,192,0,legacy_a1_ensemble_hamer_fallback,0.0
original_development,Nebel,194,0,legacy_a1_ensemble_hamer_fallback,0.0
original_development,Schreiben,121,1,m1_alpha_1p0,-3.090451240539551
original_development,Schreiben,123,1,m1_alpha_1p0,-3.147061347961426
original_development,Schreiben,125,1,m1_alpha_1p0,-3.097379684448242
original_development,Schreiben,127,1,m1_alpha_1p0,-3.235757827758789
original_development,Schreiben,129,1,m1_alpha_1p0,-3.3905773162841797
original_development,Schreiben,131,1,m1_alpha_1p0,-3.3369131088256836
original_development,Schreiben,133,1,m1_alpha_1p0,-0.7083806991577148
original_development,Schreiben,135,1,m1_alpha_1p0,-3.6016035079956055
original_development,Schreiben,137,1,m1_alpha_1p0,-3.7923545837402344
original_development,Schreiben,139,1,m1_alpha_1p0,-1.8969240188598633
original_development,Schreiben,141,1,m1_alpha_1p0,-3.40218448638916
original_development,Schreiben,143,1,m1_alpha_1p0,-3.0275306701660156
original_development,Schreiben,145,1,m1_alpha_1p0,-3.4673938751220703
original_development,Schreiben,147,1,m1_alpha_1p0,-3.1005048751831055
original_development,Schreiben,149,1,m1_alpha_1p0,-3.3762216567993164
original_development,Schreiben,151,1,m1_alpha_1p0,-2.8279905319213867
original_development,Schreiben,153,1,m1_alpha_1p0,-4.028818130493164
original_development,Schreiben,155,1,m1_alpha_1p0,-1.0430679321289062
original_development,Schreiben,157,1,m1_alpha_1p0,-3.3308944702148438
original_development,Schreiben,159,1,m1_alpha_1p0,-2.1068105697631836
original_development,Schreiben,161,1,m1_alpha_1p0,-3.1046228408813477
original_development,Schreiben,163,1,m1_alpha_1p0,-3.8093156814575195
original_development,Schreiben,165,1,m1_alpha_1p0,-0.8584127426147461
original_development,Schreiben,167,1,m1_alpha_1p0,-3.135645866394043
original_development,Schreiben,169,1,m1_alpha_1p0,0.03045368194580078
original_development,Schreiben,171,1,m1_alpha_1p0,-2.7374753952026367
original_development,Schreiben,173,1,m1_alpha_1p0,-2.408571243286133
original_development,Schreiben,175,1,m1_alpha_1p0,-3.137234687805176
original_development,Schreiben,177,1,m1_alpha_1p0,-3.4657859802246094
original_development,Schreiben,179,1,m1_alpha_1p0,-3.3624391555786133
original_development,Schreiben,181,1,m1_alpha_1p0,-3.6667051315307617
original_development,Schreiben,183,1,m1_alpha_1p0,-1.7104310989379883
original_development,Schreiben,185,1,m1_alpha_1p0,-3.3772153854370117
original_development,Schreiben,187,1,m1_alpha_1p0,-3.8635778427124023
original_development,Schreiben,189,1,m1_alpha_1p0,-3.7109079360961914
original_development,Schreiben,191,1,m1_alpha_1p0,-3.6686630249023438
original_development,Schreiben,193,1,m1_alpha_1p0,-3.7718257904052734
original_development,Schreiben,195,1,m1_alpha_1p0,-3.722921371459961
original_development,Schreiben,197,1,m1_alpha_1p0,-3.4024534225463867
original_development,Schreiben,199,1,m1_alpha_1p0,-2.092562675476074
original_development,Schreiben,201,1,m1_alpha_1p0,-2.5727968215942383
original_development,Schreiben,203,1,m1_alpha_1p0,-2.4910173416137695
original_development,Schreiben,205,1,m1_alpha_1p0,-3.127561569213867
original_development,Schreiben,207,1,m1_alpha_1p0,-3.657888412475586
original_development,Schwach,138,1,m1_alpha_1p0,0.7307558059692383
original_development,Schwach,140,1,m1_alpha_1p0,1.0088458061218262
original_development,Schwach,142,1,m1_alpha_1p0,1.0616679191589355
original_development,Schwach,144,1,m1_alpha_1p0,0.9547152519226074
original_development,Schwach,146,1,m1_alpha_1p0,0.7534856796264648
original_development,Schwach,148,1,m1_alpha_1p0,-0.10152482986450195
original_development,Schwach,150,1,m1_alpha_1p0,-0.4221305847167969
original_development,Schwach,152,1,m1_alpha_1p0,-0.7179164886474609
original_development,Schwach,154,1,m1_alpha_1p0,-0.9613523483276367
original_development,Schwach,156,1,m1_alpha_1p0,0.061298370361328125
original_development,Schwach,158,1,m1_alpha_1p0,0.21560096740722656
original_development,Schwach,160,1,m1_alpha_1p0,2.36798095703125
original_development,Schwach,162,1,m1_alpha_1p0,-1.8202400207519531
original_development,Schwach,164,1,m1_alpha_1p0,2.350088119506836
original_development,Schwach,166,1,m1_alpha_1p0,-1.2285232543945312
original_development,Schwach,168,1,m1_alpha_1p0,-0.8432588577270508
original_development,Schwach,170,1,m1_alpha_1p0,-0.7310295104980469
original_development,Schwach,172,1,m1_alpha_1p0,-0.8850593566894531
original_development,Schwach,174,1,m1_alpha_1p0,-0.13339519500732422
original_development,Schwach,176,1,m1_alpha_1p0,-0.8292121887207031
original_development,Schwach,178,1,m1_alpha_1p0,-0.1520233154296875
original_development,Schwach,180,1,m1_alpha_1p0,-0.7981786727905273
original_development,Schwach,182,1,m1_alpha_1p0,-0.651214599609375
original_development,Schwach,184,1,m1_alpha_1p0,-0.7030878067016602
original_development,Schwach,186,1,m1_alpha_1p0,-0.9206228256225586
original_development,reparieren,119,1,m1_alpha_1p0,-1.154353141784668
original_development,reparieren,121,1,m1_alpha_1p0,-1.3754425048828125
original_development,reparieren,123,1,m1_alpha_1p0,-0.6680316925048828
original_development,reparieren,125,1,m1_alpha_1p0,-0.6033802032470703
original_development,reparieren,127,1,m1_alpha_1p0,-0.5424518585205078
original_development,reparieren,129,1,m1_alpha_1p0,-0.8980855941772461
original_development,reparieren,131,1,m1_alpha_1p0,-1.1349048614501953
original_development,reparieren,133,1,m1_alpha_1p0,-0.7317838668823242
original_development,reparieren,135,1,m1_alpha_1p0,-0.8409366607666016
original_development,reparieren,137,1,m1_alpha_1p0,0.4140329360961914
original_development,reparieren,139,1,m1_alpha_1p0,-1.5249109268188477
original_development,reparieren,141,1,m1_alpha_1p0,-0.9290046691894531
original_development,reparieren,143,1,m1_alpha_1p0,-0.8658027648925781
original_development,reparieren,145,1,m1_alpha_1p0,-0.5465230941772461
original_development,reparieren,147,1,m1_alpha_1p0,-0.644993782043457
original_development,reparieren,149,1,m1_alpha_1p0,-0.6185760498046875
original_development,reparieren,151,1,m1_alpha_1p0,-0.9512510299682617
original_development,reparieren,153,1,m1_alpha_1p0,-0.7075691223144531
original_development,reparieren,155,1,m1_alpha_1p0,-1.355229377746582
original_development,reparieren,157,1,m1_alpha_1p0,0.31131935119628906
original_development,reparieren,159,1,m1_alpha_1p0,-1.2968950271606445
original_development,reparieren,161,1,m1_alpha_1p0,-0.5472183227539062
original_test_revealed,Arzt,166,0,legacy_a1_ensemble_hamer_fallback,0.0
original_test_revealed,Arzt,168,0,legacy_a1_ensemble_hamer_fallback,0.0
original_test_revealed,Arzt,170,0,legacy_a1_ensemble_hamer_fallback,0.0
original_test_revealed,Arzt,172,0,legacy_a1_ensemble_hamer_fallback,0.0
original_test_revealed,Arzt,174,0,legacy_a1_ensemble_hamer_fallback,0.0
original_test_revealed,Arzt,176,0,legacy_a1_ensemble_hamer_fallback,0.0
original_test_revealed,Arzt,178,0,legacy_a1_ensemble_hamer_fallback,0.0
original_test_revealed,Arzt,180,0,legacy_a1_ensemble_hamer_fallback,0.0
original_test_revealed,Arzt,182,0,legacy_a1_ensemble_hamer_fallback,0.0
original_test_revealed,Arzt,184,0,legacy_a1_ensemble_hamer_fallback,0.0
original_test_revealed,Arzt,186,0,legacy_a1_ensemble_hamer_fallback,0.0
original_test_revealed,Arzt,188,0,legacy_a1_ensemble_hamer_fallback,0.0
original_test_revealed,Arzt,190,0,legacy_a1_ensemble_hamer_fallback,0.0
original_test_revealed,Arzt,192,0,legacy_a1_ensemble_hamer_fallback,0.0
original_test_revealed,Arzt,194,0,legacy_a1_ensemble_hamer_fallback,0.0
original_test_revealed,Arzt,196,0,legacy_a1_ensemble_hamer_fallback,0.0
original_test_revealed,Arzt,198,0,legacy_a1_ensemble_hamer_fallback,0.0
original_test_revealed,Arzt,200,0,legacy_a1_ensemble_hamer_fallback,0.0
original_test_revealed,Arzt,202,0,legacy_a1_ensemble_hamer_fallback,0.0
original_test_revealed,Arzt,204,0,legacy_a1_ensemble_hamer_fallback,0.0
original_test_revealed,Arzt,206,0,legacy_a1_ensemble_hamer_fallback,0.0
original_test_revealed,Blume,121,1,m1_alpha_1p0,-3.586648941040039
original_test_revealed,Blume,123,1,m1_alpha_1p0,-4.115350723266602
original_test_revealed,Blume,125,1,m1_alpha_1p0,-3.5402822494506836
original_test_revealed,Blume,127,1,m1_alpha_1p0,-2.423358917236328
original_test_revealed,Blume,129,1,m1_alpha_1p0,-3.7450551986694336
original_test_revealed,Blume,131,1,m1_alpha_1p0,1.272592544555664
original_test_revealed,Blume,133,1,m1_alpha_1p0,-3.858384132385254
original_test_revealed,Blume,135,1,m1_alpha_1p0,1.8026533126831055
original_test_revealed,Blume,137,1,m1_alpha_1p0,-4.236498832702637
original_test_revealed,Blume,139,1,m1_alpha_1p0,1.3761405944824219
original_test_revealed,Blume,141,1,m1_alpha_1p0,-3.8162012100219727
original_test_revealed,Blume,143,1,m1_alpha_1p0,-3.9941625595092773
original_test_revealed,Blume,145,1,m1_alpha_1p0,-3.105224609375
original_test_revealed,Blume,147,1,m1_alpha_1p0,1.2215957641601562
original_test_revealed,Blume,149,1,m1_alpha_1p0,-4.058742523193359
original_test_revealed,Blume,151,1,m1_alpha_1p0,2.6613388061523438
original_test_revealed,Blume,153,1,m1_alpha_1p0,-3.822633743286133
original_test_revealed,Blume,155,1,m1_alpha_1p0,-3.0550947189331055
original_test_revealed,Blume,157,1,m1_alpha_1p0,0.17970848083496094
original_test_revealed,Blume,159,1,m1_alpha_1p0,-2.4551467895507812
original_test_revealed,Blume,161,1,m1_alpha_1p0,-3.406064987182617
original_test_revealed,Duenn,156,3,m1_alpha_3p0,-12.052026748657227
original_test_revealed,Duenn,158,3,m1_alpha_3p0,9.908416748046875
original_test_revealed,Duenn,160,3,m1_alpha_3p0,9.739036560058594
original_test_revealed,Duenn,162,3,m1_alpha_3p0,-10.409807205200195
original_test_revealed,Duenn,164,3,m1_alpha_3p0,-10.544845581054688
original_test_revealed,Duenn,166,3,m1_alpha_3p0,9.955337524414062
original_test_revealed,Duenn,168,3,m1_alpha_3p0,5.7704010009765625
original_test_revealed,Duenn,170,3,m1_alpha_3p0,-13.720588684082031
original_test_revealed,Duenn,172,3,m1_alpha_3p0,8.91989517211914
original_test_revealed,Duenn,174,3,m1_alpha_3p0,3.0374755859375
original_test_revealed,Duenn,176,3,m1_alpha_3p0,-3.210338592529297
original_test_revealed,Duenn,178,3,m1_alpha_3p0,3.6490745544433594
original_test_revealed,Duenn,180,3,m1_alpha_3p0,-9.64920425415039
original_test_revealed,Duenn,182,3,m1_alpha_3p0,9.009693145751953
original_test_revealed,Duenn,184,3,m1_alpha_3p0,-12.668792724609375
original_test_revealed,Duenn,186,3,m1_alpha_3p0,4.018962860107422
original_test_revealed,Duenn,188,3,m1_alpha_3p0,11.116680145263672
original_test_revealed,Duenn,190,3,m1_alpha_3p0,-13.631805419921875
original_test_revealed,Duenn,192,3,m1_alpha_3p0,-11.608814239501953
original_test_revealed,Duenn,194,3,m1_alpha_3p0,9.260780334472656
original_test_revealed,Duenn,196,3,m1_alpha_3p0,-10.094013214111328
original_test_revealed,Duenn,198,3,m1_alpha_3p0,7.552940368652344
original_test_revealed,Duenn,200,3,m1_alpha_3p0,-11.368927001953125
original_test_revealed,Einkaufen,142,1,m1_alpha_1p0,-3.752246856689453
original_test_revealed,Einkaufen,144,1,m1_alpha_1p0,-3.3863096237182617
original_test_revealed,Einkaufen,146,1,m1_alpha_1p0,-3.259819984436035
original_test_revealed,Einkaufen,148,1,m1_alpha_1p0,-2.6019363403320312
original_test_revealed,Einkaufen,150,1,m1_alpha_1p0,-2.471376419067383
original_test_revealed,Einkaufen,152,1,m1_alpha_1p0,-1.5696392059326172
original_test_revealed,Einkaufen,154,1,m1_alpha_1p0,-2.18216609954834
original_test_revealed,Einkaufen,156,1,m1_alpha_1p0,-2.2101526260375977
original_test_revealed,Einkaufen,158,1,m1_alpha_1p0,-2.3731651306152344
original_test_revealed,Einkaufen,160,1,m1_alpha_1p0,-2.7193984985351562
original_test_revealed,Einkaufen,162,1,m1_alpha_1p0,-2.7844457626342773
original_test_revealed,Einkaufen,164,1,m1_alpha_1p0,-3.0610790252685547
original_test_revealed,Einkaufen,166,1,m1_alpha_1p0,-2.451939582824707
original_test_revealed,Einkaufen,168,1,m1_alpha_1p0,-3.931333541870117
original_test_revealed,Einkaufen,170,1,m1_alpha_1p0,-2.661910057067871
original_test_revealed,Einkaufen,172,1,m1_alpha_1p0,-3.172330856323242
original_test_revealed,Einkaufen,174,1,m1_alpha_1p0,-2.4358863830566406
original_test_revealed,Einkaufen,176,1,m1_alpha_1p0,-1.9987831115722656
original_test_revealed,Einkaufen,178,1,m1_alpha_1p0,-1.421041488647461
original_test_revealed,Einkaufen,180,1,m1_alpha_1p0,-1.9657697677612305
original_test_revealed,Einkaufen,182,1,m1_alpha_1p0,-2.4628372192382812
original_test_revealed,Empathie,136,1,m1_alpha_1p0,-0.04906940460205078
original_test_revealed,Empathie,138,1,m1_alpha_1p0,-0.9183874130249023
original_test_revealed,Empathie,140,1,m1_alpha_1p0,-2.0137643814086914
original_test_revealed,Empathie,142,1,m1_alpha_1p0,0.4184427261352539
original_test_revealed,Empathie,144,1,m1_alpha_1p0,-0.9389677047729492
original_test_revealed,Empathie,146,1,m1_alpha_1p0,-0.44957923889160156
original_test_revealed,Empathie,148,1,m1_alpha_1p0,1.4055156707763672
original_test_revealed,Empathie,150,1,m1_alpha_1p0,-0.8635053634643555
original_test_revealed,Empathie,152,1,m1_alpha_1p0,-0.4908485412597656
original_test_revealed,Empathie,154,1,m1_alpha_1p0,0.3035917282104492
original_test_revealed,Empathie,156,1,m1_alpha_1p0,0.982813835144043
original_test_revealed,Empathie,158,1,m1_alpha_1p0,0.43711090087890625
original_test_revealed,Empathie,160,1,m1_alpha_1p0,-0.1058797836303711
original_test_revealed,Empathie,162,1,m1_alpha_1p0,0.608036994934082
original_test_revealed,Empathie,164,1,m1_alpha_1p0,0.13100814819335938
original_test_revealed,Empathie,166,1,m1_alpha_1p0,-0.6860980987548828
original_test_revealed,Empathie,168,1,m1_alpha_1p0,1.0863895416259766
original_test_revealed,Empathie,170,1,m1_alpha_1p0,-1.2453279495239258
original_test_revealed,Empathie,172,1,m1_alpha_1p0,1.283193588256836
original_test_revealed,Empathie,174,1,m1_alpha_1p0,1.7214040756225586
original_test_revealed,Empathie,176,1,m1_alpha_1p0,-1.0335617065429688
original_test_revealed,Empathie,178,1,m1_alpha_1p0,1.7520437240600586
original_test_revealed,Empathie,180,1,m1_alpha_1p0,-1.7237176895141602
original_test_revealed,Frisch,137,2,m1_alpha_1p5,1.3524627685546875
original_test_revealed,Frisch,139,2,m1_alpha_1p5,-3.4896678924560547
original_test_revealed,Frisch,141,2,m1_alpha_1p5,-0.7040271759033203
original_test_revealed,Frisch,143,2,m1_alpha_1p5,2.905019760131836
original_test_revealed,Frisch,145,2,m1_alpha_1p5,-0.590022087097168
original_test_revealed,Frisch,147,2,m1_alpha_1p5,-2.1983747482299805
original_test_revealed,Frisch,149,2,m1_alpha_1p5,-0.9273557662963867
original_test_revealed,Frisch,151,2,m1_alpha_1p5,-2.1184492111206055
original_test_revealed,Frisch,153,2,m1_alpha_1p5,-0.905756950378418
original_test_revealed,Frisch,155,2,m1_alpha_1p5,1.5553417205810547
original_test_revealed,Frisch,157,2,m1_alpha_1p5,2.603053092956543
original_test_revealed,Frisch,159,2,m1_alpha_1p5,1.253199577331543
original_test_revealed,Frisch,161,2,m1_alpha_1p5,3.2820749282836914
original_test_revealed,Frisch,163,2,m1_alpha_1p5,0.5958738327026367
original_test_revealed,Frisch,165,2,m1_alpha_1p5,1.3675689697265625
original_test_revealed,Frisch,167,2,m1_alpha_1p5,1.2865142822265625
original_test_revealed,Frisch,169,2,m1_alpha_1p5,0.8971824645996094
original_test_revealed,Frisch,171,2,m1_alpha_1p5,2.9859609603881836
original_test_revealed,Frisch,173,2,m1_alpha_1p5,0.7151165008544922
original_test_revealed,Frisch,175,2,m1_alpha_1p5,2.5647783279418945
original_test_revealed,Frisch,177,2,m1_alpha_1p5,0.35236263275146484
original_test_revealed,Frisch,179,2,m1_alpha_1p5,3.0994033813476562
original_test_revealed,Frisch,181,2,m1_alpha_1p5,0.9122943878173828
original_test_revealed,Frisch,183,2,m1_alpha_1p5,0.8117818832397461
original_test_revealed,Frisch,185,2,m1_alpha_1p5,1.1872644424438477
original_test_revealed,Frisch,187,2,m1_alpha_1p5,1.8212614059448242
original_test_revealed,Froh,126,1,m1_alpha_1p0,-0.4145193099975586
original_test_revealed,Froh,128,1,m1_alpha_1p0,2.6565351486206055
original_test_revealed,Froh,130,1,m1_alpha_1p0,-0.6392631530761719
original_test_revealed,Froh,132,1,m1_alpha_1p0,-1.5546646118164062
original_test_revealed,Froh,134,1,m1_alpha_1p0,4.005562782287598
original_test_revealed,Froh,136,1,m1_alpha_1p0,1.1115188598632812
original_test_revealed,Froh,138,1,m1_alpha_1p0,-2.3271961212158203
original_test_revealed,Froh,140,1,m1_alpha_1p0,2.4920244216918945
original_test_revealed,Froh,142,1,m1_alpha_1p0,-1.8205947875976562
original_test_revealed,Froh,144,1,m1_alpha_1p0,1.5465631484985352
original_test_revealed,Froh,146,1,m1_alpha_1p0,-1.2719554901123047
original_test_revealed,Froh,148,1,m1_alpha_1p0,-0.7924518585205078
original_test_revealed,Froh,150,1,m1_alpha_1p0,-2.3132638931274414
original_test_revealed,Froh,152,1,m1_alpha_1p0,4.766690731048584
original_test_revealed,Froh,154,1,m1_alpha_1p0,0.8496055603027344
original_test_revealed,Froh,156,1,m1_alpha_1p0,0.2766914367675781
original_test_revealed,Froh,158,1,m1_alpha_1p0,0.8871374130249023
original_test_revealed,Froh,160,1,m1_alpha_1p0,1.0619916915893555
original_test_revealed,Froh,162,1,m1_alpha_1p0,-1.2995710372924805
original_test_revealed,Froh,164,1,m1_alpha_1p0,-1.4055147171020508
original_test_revealed,Froh,166,1,m1_alpha_1p0,2.0578203201293945
original_test_revealed,Froh,168,1,m1_alpha_1p0,-1.867020606994629
original_test_revealed,Froh,170,1,m1_alpha_1p0,1.8849258422851562
original_test_revealed,Froh,172,1,m1_alpha_1p0,2.145425796508789
original_test_revealed,Froh,174,1,m1_alpha_1p0,3.1340689659118652
original_test_revealed,Froh,176,1,m1_alpha_1p0,0.46363258361816406
original_test_revealed,Froh,178,1,m1_alpha_1p0,4.693214416503906
original_test_revealed,Froh,180,1,m1_alpha_1p0,-2.0108184814453125
original_test_revealed,Froh,182,1,m1_alpha_1p0,3.439112663269043
original_test_revealed,Froh,184,1,m1_alpha_1p0,-0.7186288833618164
original_test_revealed,Klar,122,3,m1_alpha_3p0,-1.1063995361328125
original_test_revealed,Klar,124,3,m1_alpha_3p0,-15.082611083984375
original_test_revealed,Klar,126,3,m1_alpha_3p0,0.595672607421875
original_test_revealed,Klar,128,3,m1_alpha_3p0,-13.277328491210938
original_test_revealed,Klar,130,3,m1_alpha_3p0,11.031391143798828
original_test_revealed,Klar,132,3,m1_alpha_3p0,-12.886861801147461
original_test_revealed,Klar,134,3,m1_alpha_3p0,11.462806701660156
original_test_revealed,Klar,136,3,m1_alpha_3p0,-9.790657043457031
original_test_revealed,Klar,138,3,m1_alpha_3p0,-11.820552825927734
original_test_revealed,Klar,140,3,m1_alpha_3p0,11.70467758178711
original_test_revealed,Klar,142,3,m1_alpha_3p0,-10.36265754699707
original_test_revealed,Klar,144,3,m1_alpha_3p0,8.254337310791016
original_test_revealed,Klar,146,3,m1_alpha_3p0,-10.353754043579102
original_test_revealed,Klar,148,3,m1_alpha_3p0,11.833221435546875
original_test_revealed,Klar,150,3,m1_alpha_3p0,-11.175352096557617
original_test_revealed,Klar,152,3,m1_alpha_3p0,10.33071517944336
original_test_revealed,Kochen,135,1,m1_alpha_1p0,3.025052070617676
original_test_revealed,Kochen,137,1,m1_alpha_1p0,1.4573826789855957
original_test_revealed,Kochen,139,1,m1_alpha_1p0,2.1432018280029297
original_test_revealed,Kochen,141,1,m1_alpha_1p0,2.0332040786743164
original_test_revealed,Kochen,143,1,m1_alpha_1p0,-0.19988632202148438
original_test_revealed,Kochen,145,1,m1_alpha_1p0,3.7788572311401367
original_test_revealed,Kochen,147,1,m1_alpha_1p0,-0.913670539855957
original_test_revealed,Kochen,149,1,m1_alpha_1p0,3.331751823425293
original_test_revealed,Kochen,151,1,m1_alpha_1p0,-3.0352163314819336
original_test_revealed,Kochen,153,1,m1_alpha_1p0,2.893575668334961
original_test_revealed,Kochen,155,1,m1_alpha_1p0,2.7937393188476562
original_test_revealed,Kochen,157,1,m1_alpha_1p0,-2.128594398498535
original_test_revealed,Kochen,159,1,m1_alpha_1p0,3.6737489700317383
original_test_revealed,Kochen,161,1,m1_alpha_1p0,-2.3830442428588867
original_test_revealed,Kochen,163,1,m1_alpha_1p0,2.832651138305664
original_test_revealed,Kochen,165,1,m1_alpha_1p0,0.4068155288696289
original_test_revealed,Kochen,167,1,m1_alpha_1p0,2.7294139862060547
original_test_revealed,Kochen,169,1,m1_alpha_1p0,2.8430662155151367
original_test_revealed,Kochen,171,1,m1_alpha_1p0,-0.6444530487060547
original_test_revealed,Kochen,173,1,m1_alpha_1p0,0.9942445755004883
original_test_revealed,Kochen,175,1,m1_alpha_1p0,3.509418487548828
original_test_revealed,Kochen,177,1,m1_alpha_1p0,0.24786090850830078
original_test_revealed,Kochen,179,1,m1_alpha_1p0,0.5139369964599609
original_test_revealed,Kochen,181,1,m1_alpha_1p0,3.388155937194824
original_test_revealed,Kochen,183,1,m1_alpha_1p0,-0.40274763107299805
original_test_revealed,Kochen,185,1,m1_alpha_1p0,3.7168731689453125
original_test_revealed,Kochen,187,1,m1_alpha_1p0,-1.5293035507202148
original_test_revealed,Kochen,189,1,m1_alpha_1p0,3.5406618118286133
original_test_revealed,Kochen,191,1,m1_alpha_1p0,-0.4450864791870117
original_test_revealed,Kochen,193,1,m1_alpha_1p0,-0.04775047302246094
original_test_revealed,Kochen,195,1,m1_alpha_1p0,-0.7234258651733398
original_test_revealed,Kochen,197,1,m1_alpha_1p0,4.659616470336914
original_test_revealed,Kochen,199,1,m1_alpha_1p0,0.3869056701660156
original_test_revealed,Kochen,201,1,m1_alpha_1p0,1.6703262329101562
original_test_revealed,Kochen,203,1,m1_alpha_1p0,1.0302648544311523
original_test_revealed,Kochen,205,1,m1_alpha_1p0,-0.6672592163085938
original_test_revealed,Kochen,207,1,m1_alpha_1p0,4.707714080810547
original_test_revealed,Kochen,209,1,m1_alpha_1p0,4.117911338806152
original_test_revealed,Kochen,211,1,m1_alpha_1p0,-2.3764772415161133
original_test_revealed,Kochen,213,1,m1_alpha_1p0,4.440598487854004
original_test_revealed,Kochen,215,1,m1_alpha_1p0,-2.485931396484375
original_test_revealed,Kochen,217,1,m1_alpha_1p0,4.4398298263549805
original_test_revealed,Kochen,219,1,m1_alpha_1p0,4.278496742248535
original_test_revealed,Kochen,221,1,m1_alpha_1p0,0.5849819183349609
original_test_revealed,Kochen,223,1,m1_alpha_1p0,0.7629661560058594
original_test_revealed,Kochen,225,1,m1_alpha_1p0,2.4961891174316406
original_test_revealed,LiebBitte,142,1,m1_alpha_1p0,-3.7509422302246094
original_test_revealed,LiebBitte,144,1,m1_alpha_1p0,2.71783447265625
original_test_revealed,LiebBitte,146,1,m1_alpha_1p0,-2.7371368408203125
original_test_revealed,LiebBitte,148,1,m1_alpha_1p0,-3.215312957763672
original_test_revealed,LiebBitte,150,1,m1_alpha_1p0,1.0879058837890625
original_test_revealed,LiebBitte,152,1,m1_alpha_1p0,0.456634521484375
original_test_revealed,LiebBitte,154,1,m1_alpha_1p0,-1.2543449401855469
original_test_revealed,LiebBitte,156,1,m1_alpha_1p0,-4.009822845458984
original_test_revealed,LiebBitte,158,1,m1_alpha_1p0,1.7332077026367188
original_test_revealed,LiebBitte,160,1,m1_alpha_1p0,0.19900894165039062
original_test_revealed,LiebBitte,162,1,m1_alpha_1p0,-3.6248512268066406
original_test_revealed,LiebBitte,164,1,m1_alpha_1p0,1.9223403930664062
original_test_revealed,LiebBitte,166,1,m1_alpha_1p0,-3.1948089599609375
original_test_revealed,LiebBitte,168,1,m1_alpha_1p0,0.00513458251953125
original_test_revealed,Luegen,115,3,m1_alpha_3p0,-2.5700340270996094
original_test_revealed,Luegen,117,3,m1_alpha_3p0,-3.2393264770507812
original_test_revealed,Luegen,119,3,m1_alpha_3p0,2.955394744873047
original_test_revealed,Luegen,121,3,m1_alpha_3p0,-2.8773269653320312
original_test_revealed,Luegen,123,3,m1_alpha_3p0,-5.4867401123046875
original_test_revealed,Luegen,125,3,m1_alpha_3p0,9.494098663330078
original_test_revealed,Luegen,127,3,m1_alpha_3p0,-7.328685760498047
original_test_revealed,Luegen,129,3,m1_alpha_3p0,-12.590808868408203
original_test_revealed,Luegen,131,3,m1_alpha_3p0,-0.06695938110351562
original_test_revealed,Luegen,133,3,m1_alpha_3p0,-12.989810943603516
original_test_revealed,Luegen,135,3,m1_alpha_3p0,1.6092147827148438
original_test_revealed,Luegen,137,3,m1_alpha_3p0,0.4464607238769531
original_test_revealed,Luegen,139,3,m1_alpha_3p0,-12.060131072998047
original_test_revealed,Luegen,141,3,m1_alpha_3p0,-9.45913314819336
original_test_revealed,Luegen,143,3,m1_alpha_3p0,1.2732467651367188
original_test_revealed,Luegen,145,3,m1_alpha_3p0,0.6136283874511719
original_test_revealed,Luegen,147,3,m1_alpha_3p0,-10.035228729248047
original_test_revealed,Naehen,113,0,legacy_a1_ensemble_hamer_fallback,0.0
original_test_revealed,Naehen,115,0,legacy_a1_ensemble_hamer_fallback,0.0
original_test_revealed,Naehen,117,0,legacy_a1_ensemble_hamer_fallback,0.0
original_test_revealed,Naehen,119,0,legacy_a1_ensemble_hamer_fallback,0.0
original_test_revealed,Naehen,121,0,legacy_a1_ensemble_hamer_fallback,0.0
original_test_revealed,Naehen,123,0,legacy_a1_ensemble_hamer_fallback,0.0
original_test_revealed,Naehen,125,0,legacy_a1_ensemble_hamer_fallback,0.0
original_test_revealed,Naehen,127,0,legacy_a1_ensemble_hamer_fallback,0.0
original_test_revealed,Naehen,129,0,legacy_a1_ensemble_hamer_fallback,0.0
original_test_revealed,Naehen,131,0,legacy_a1_ensemble_hamer_fallback,0.0
original_test_revealed,Naehen,133,0,legacy_a1_ensemble_hamer_fallback,0.0
original_test_revealed,Naehen,135,0,legacy_a1_ensemble_hamer_fallback,0.0
original_test_revealed,Naehen,137,0,legacy_a1_ensemble_hamer_fallback,0.0
original_test_revealed,Naehen,139,0,legacy_a1_ensemble_hamer_fallback,0.0
original_test_revealed,Naehen,141,0,legacy_a1_ensemble_hamer_fallback,0.0
original_test_revealed,Naehen,143,0,legacy_a1_ensemble_hamer_fallback,0.0
original_test_revealed,Naehen,145,0,legacy_a1_ensemble_hamer_fallback,0.0
original_test_revealed,Naehen,147,0,legacy_a1_ensemble_hamer_fallback,0.0
original_test_revealed,Naehen,149,0,legacy_a1_ensemble_hamer_fallback,0.0
original_test_revealed,Naehen,151,0,legacy_a1_ensemble_hamer_fallback,0.0
original_test_revealed,Naehen,153,0,legacy_a1_ensemble_hamer_fallback,0.0
original_test_revealed,Naehen,155,0,legacy_a1_ensemble_hamer_fallback,0.0
original_test_revealed,Naehen,157,0,legacy_a1_ensemble_hamer_fallback,0.0
original_test_revealed,Naehen,159,0,legacy_a1_ensemble_hamer_fallback,0.0
original_test_revealed,Naehen,161,0,legacy_a1_ensemble_hamer_fallback,0.0
original_test_revealed,Naehen,163,0,legacy_a1_ensemble_hamer_fallback,0.0
original_test_revealed,Naehen,165,0,legacy_a1_ensemble_hamer_fallback,0.0
original_test_revealed,Naehen,167,0,legacy_a1_ensemble_hamer_fallback,0.0
original_test_revealed,Naehen,169,0,legacy_a1_ensemble_hamer_fallback,0.0
original_test_revealed,Naehen,171,0,legacy_a1_ensemble_hamer_fallback,0.0
original_test_revealed,Naehen,173,0,legacy_a1_ensemble_hamer_fallback,0.0
original_test_revealed,Naehen,175,0,legacy_a1_ensemble_hamer_fallback,0.0
original_test_revealed,Naehen,177,0,legacy_a1_ensemble_hamer_fallback,0.0
original_test_revealed,Naehen,179,0,legacy_a1_ensemble_hamer_fallback,0.0
original_test_revealed,Naehen,181,0,legacy_a1_ensemble_hamer_fallback,0.0
original_test_revealed,Naehen,183,0,legacy_a1_ensemble_hamer_fallback,0.0
original_test_revealed,Naehen,185,0,legacy_a1_ensemble_hamer_fallback,0.0
original_test_revealed,Naehen,187,0,legacy_a1_ensemble_hamer_fallback,0.0
original_test_revealed,Naehen,189,0,legacy_a1_ensemble_hamer_fallback,0.0
original_test_revealed,Naehen,191,0,legacy_a1_ensemble_hamer_fallback,0.0
original_test_revealed,Naehen,193,0,legacy_a1_ensemble_hamer_fallback,0.0
original_test_revealed,Naehen,195,0,legacy_a1_ensemble_hamer_fallback,0.0
original_test_revealed,Naehen,197,0,legacy_a1_ensemble_hamer_fallback,0.0
original_test_revealed,Naehen,199,0,legacy_a1_ensemble_hamer_fallback,0.0
original_test_revealed,Operieren,199,0,legacy_a1_ensemble_hamer_fallback,0.0
original_test_revealed,Operieren,201,0,legacy_a1_ensemble_hamer_fallback,0.0
original_test_revealed,Operieren,203,0,legacy_a1_ensemble_hamer_fallback,0.0
original_test_revealed,Operieren,205,0,legacy_a1_ensemble_hamer_fallback,0.0
original_test_revealed,Operieren,207,0,legacy_a1_ensemble_hamer_fallback,0.0
original_test_revealed,Operieren,209,0,legacy_a1_ensemble_hamer_fallback,0.0
original_test_revealed,Operieren,211,0,legacy_a1_ensemble_hamer_fallback,0.0
original_test_revealed,Operieren,213,0,legacy_a1_ensemble_hamer_fallback,0.0
original_test_revealed,Operieren,215,0,legacy_a1_ensemble_hamer_fallback,0.0
original_test_revealed,Operieren,217,0,legacy_a1_ensemble_hamer_fallback,0.0
original_test_revealed,Operieren,219,0,legacy_a1_ensemble_hamer_fallback,0.0
original_test_revealed,Operieren,221,0,legacy_a1_ensemble_hamer_fallback,0.0
original_test_revealed,Operieren,223,0,legacy_a1_ensemble_hamer_fallback,0.0
original_test_revealed,Operieren,225,0,legacy_a1_ensemble_hamer_fallback,0.0
original_test_revealed,Operieren,227,0,legacy_a1_ensemble_hamer_fallback,0.0
original_test_revealed,Operieren,229,0,legacy_a1_ensemble_hamer_fallback,0.0
original_test_revealed,Operieren,231,0,legacy_a1_ensemble_hamer_fallback,0.0
original_test_revealed,Operieren,233,0,legacy_a1_ensemble_hamer_fallback,0.0
original_test_revealed,Operieren,235,0,legacy_a1_ensemble_hamer_fallback,0.0
original_test_revealed,Operieren,237,0,legacy_a1_ensemble_hamer_fallback,0.0
original_test_revealed,Operieren,239,0,legacy_a1_ensemble_hamer_fallback,0.0
original_test_revealed,Operieren,241,0,legacy_a1_ensemble_hamer_fallback,0.0
original_test_revealed,Operieren,243,0,legacy_a1_ensemble_hamer_fallback,0.0
original_test_revealed,Operieren,245,0,legacy_a1_ensemble_hamer_fallback,0.0
original_test_revealed,Operieren,247,0,legacy_a1_ensemble_hamer_fallback,0.0
original_test_revealed,Operieren,249,0,legacy_a1_ensemble_hamer_fallback,0.0
original_test_revealed,Operieren,251,0,legacy_a1_ensemble_hamer_fallback,0.0
original_test_revealed,Operieren,253,0,legacy_a1_ensemble_hamer_fallback,0.0
original_test_revealed,Operieren,255,0,legacy_a1_ensemble_hamer_fallback,0.0
original_test_revealed,Operieren,257,0,legacy_a1_ensemble_hamer_fallback,0.0
original_test_revealed,Operieren,259,0,legacy_a1_ensemble_hamer_fallback,0.0
original_test_revealed,Regen,112,0,legacy_a1_ensemble_hamer_fallback,0.0
original_test_revealed,Regen,114,0,legacy_a1_ensemble_hamer_fallback,0.0
original_test_revealed,Regen,116,0,legacy_a1_ensemble_hamer_fallback,0.0
original_test_revealed,Regen,118,0,legacy_a1_ensemble_hamer_fallback,0.0
original_test_revealed,Regen,120,0,legacy_a1_ensemble_hamer_fallback,0.0
original_test_revealed,Regen,122,0,legacy_a1_ensemble_hamer_fallback,0.0
original_test_revealed,Regen,124,0,legacy_a1_ensemble_hamer_fallback,0.0
original_test_revealed,Regen,126,0,legacy_a1_ensemble_hamer_fallback,0.0
original_test_revealed,Regen,128,0,legacy_a1_ensemble_hamer_fallback,0.0
original_test_revealed,Regen,130,0,legacy_a1_ensemble_hamer_fallback,0.0
original_test_revealed,Regen,132,0,legacy_a1_ensemble_hamer_fallback,0.0
original_test_revealed,Regen,134,0,legacy_a1_ensemble_hamer_fallback,0.0
original_test_revealed,Regen,136,0,legacy_a1_ensemble_hamer_fallback,0.0
original_test_revealed,Regen,138,0,legacy_a1_ensemble_hamer_fallback,0.0
original_test_revealed,Regen,140,0,legacy_a1_ensemble_hamer_fallback,0.0
original_test_revealed,Regen,142,0,legacy_a1_ensemble_hamer_fallback,0.0
original_test_revealed,Regen,144,0,legacy_a1_ensemble_hamer_fallback,0.0
original_test_revealed,Regen,146,0,legacy_a1_ensemble_hamer_fallback,0.0
original_test_revealed,Regen,148,0,legacy_a1_ensemble_hamer_fallback,0.0
original_test_revealed,Regen,150,0,legacy_a1_ensemble_hamer_fallback,0.0
original_test_revealed,Regen,152,0,legacy_a1_ensemble_hamer_fallback,0.0
original_test_revealed,Regen,154,0,legacy_a1_ensemble_hamer_fallback,0.0
original_test_revealed,Regen,156,0,legacy_a1_ensemble_hamer_fallback,0.0
original_test_revealed,Regen,158,0,legacy_a1_ensemble_hamer_fallback,0.0
original_test_revealed,Regen,160,0,legacy_a1_ensemble_hamer_fallback,0.0
original_test_revealed,Regen,162,0,legacy_a1_ensemble_hamer_fallback,0.0
original_test_revealed,Regen,164,0,legacy_a1_ensemble_hamer_fallback,0.0
original_test_revealed,Regen,166,0,legacy_a1_ensemble_hamer_fallback,0.0
original_test_revealed,Regen,168,0,legacy_a1_ensemble_hamer_fallback,0.0
original_test_revealed,Regen,170,0,legacy_a1_ensemble_hamer_fallback,0.0
original_test_revealed,Regen,172,0,legacy_a1_ensemble_hamer_fallback,0.0
original_test_revealed,Regen,174,0,legacy_a1_ensemble_hamer_fallback,0.0
original_test_revealed,Regen,176,0,legacy_a1_ensemble_hamer_fallback,0.0
original_test_revealed,Regen,178,0,legacy_a1_ensemble_hamer_fallback,0.0
original_test_revealed,Regen,180,0,legacy_a1_ensemble_hamer_fallback,0.0
original_test_revealed,Regen,182,0,legacy_a1_ensemble_hamer_fallback,0.0
original_test_revealed,Regen,184,0,legacy_a1_ensemble_hamer_fallback,0.0
original_test_revealed,Regen,186,0,legacy_a1_ensemble_hamer_fallback,0.0
original_test_revealed,Regen,188,0,legacy_a1_ensemble_hamer_fallback,0.0
original_test_revealed,Schnee,159,0,legacy_a1_ensemble_hamer_fallback,0.0
original_test_revealed,Schnee,161,0,legacy_a1_ensemble_hamer_fallback,0.0
original_test_revealed,Schnee,163,0,legacy_a1_ensemble_hamer_fallback,0.0
original_test_revealed,Schnee,165,0,legacy_a1_ensemble_hamer_fallback,0.0
original_test_revealed,Schnee,167,0,legacy_a1_ensemble_hamer_fallback,0.0
original_test_revealed,Schnee,169,0,legacy_a1_ensemble_hamer_fallback,0.0
original_test_revealed,Schnee,171,0,legacy_a1_ensemble_hamer_fallback,0.0
original_test_revealed,Schnee,173,0,legacy_a1_ensemble_hamer_fallback,0.0
original_test_revealed,Schnee,175,0,legacy_a1_ensemble_hamer_fallback,0.0
original_test_revealed,Schnee,177,0,legacy_a1_ensemble_hamer_fallback,0.0
original_test_revealed,Schnee,179,0,legacy_a1_ensemble_hamer_fallback,0.0
original_test_revealed,Schnee,181,0,legacy_a1_ensemble_hamer_fallback,0.0
original_test_revealed,Schnee,183,0,legacy_a1_ensemble_hamer_fallback,0.0
original_test_revealed,Schnee,185,0,legacy_a1_ensemble_hamer_fallback,0.0
original_test_revealed,Schnee,187,0,legacy_a1_ensemble_hamer_fallback,0.0
original_test_revealed,Schnee,189,0,legacy_a1_ensemble_hamer_fallback,0.0
original_test_revealed,Schnee,191,0,legacy_a1_ensemble_hamer_fallback,0.0
original_test_revealed,Schnee,193,0,legacy_a1_ensemble_hamer_fallback,0.0
original_test_revealed,Schnee,195,0,legacy_a1_ensemble_hamer_fallback,0.0
original_test_revealed,Schnee,197,0,legacy_a1_ensemble_hamer_fallback,0.0
original_test_revealed,Schnee,199,0,legacy_a1_ensemble_hamer_fallback,0.0
original_test_revealed,Schnee,201,0,legacy_a1_ensemble_hamer_fallback,0.0
original_test_revealed,Schnee,203,0,legacy_a1_ensemble_hamer_fallback,0.0
original_test_revealed,Schnee,205,0,legacy_a1_ensemble_hamer_fallback,0.0
original_test_revealed,Schnee,207,0,legacy_a1_ensemble_hamer_fallback,0.0
original_test_revealed,Schnee,209,0,legacy_a1_ensemble_hamer_fallback,0.0
original_test_revealed,Schnee,211,0,legacy_a1_ensemble_hamer_fallback,0.0
original_test_revealed,Schnee,213,0,legacy_a1_ensemble_hamer_fallback,0.0
original_test_revealed,Schnee,215,0,legacy_a1_ensemble_hamer_fallback,0.0
original_test_revealed,Schnee,217,0,legacy_a1_ensemble_hamer_fallback,0.0
original_test_revealed,Schnee,219,0,legacy_a1_ensemble_hamer_fallback,0.0
original_test_revealed,Schnee,221,0,legacy_a1_ensemble_hamer_fallback,0.0
original_test_revealed,Schnee,223,0,legacy_a1_ensemble_hamer_fallback,0.0
original_test_revealed,Schnee,225,0,legacy_a1_ensemble_hamer_fallback,0.0
original_test_revealed,Schnee,227,0,legacy_a1_ensemble_hamer_fallback,0.0
original_test_revealed,Schnee,229,0,legacy_a1_ensemble_hamer_fallback,0.0
original_test_revealed,Schnee,231,0,legacy_a1_ensemble_hamer_fallback,0.0
original_test_revealed,Schnee,233,0,legacy_a1_ensemble_hamer_fallback,0.0
original_test_revealed,Schnee,235,0,legacy_a1_ensemble_hamer_fallback,0.0
original_test_revealed,Schnee,237,0,legacy_a1_ensemble_hamer_fallback,0.0
original_test_revealed,Schnee,239,0,legacy_a1_ensemble_hamer_fallback,0.0
original_test_revealed,Schnee,241,0,legacy_a1_ensemble_hamer_fallback,0.0
original_test_revealed,Schnee,243,0,legacy_a1_ensemble_hamer_fallback,0.0
original_test_revealed,Sonne,148,0,legacy_a1_ensemble_hamer_fallback,0.0
original_test_revealed,Sonne,150,0,legacy_a1_ensemble_hamer_fallback,0.0
original_test_revealed,Sonne,152,0,legacy_a1_ensemble_hamer_fallback,0.0
original_test_revealed,Sonne,154,0,legacy_a1_ensemble_hamer_fallback,0.0
original_test_revealed,Sonne,156,0,legacy_a1_ensemble_hamer_fallback,0.0
original_test_revealed,Sonne,158,0,legacy_a1_ensemble_hamer_fallback,0.0
original_test_revealed,Sonne,160,0,legacy_a1_ensemble_hamer_fallback,0.0
original_test_revealed,Sonne,162,0,legacy_a1_ensemble_hamer_fallback,0.0
original_test_revealed,Sonne,164,0,legacy_a1_ensemble_hamer_fallback,0.0
original_test_revealed,Sonne,166,0,legacy_a1_ensemble_hamer_fallback,0.0
original_test_revealed,Sonne,168,0,legacy_a1_ensemble_hamer_fallback,0.0
original_test_revealed,Sonne,170,0,legacy_a1_ensemble_hamer_fallback,0.0
original_test_revealed,Sonne,172,0,legacy_a1_ensemble_hamer_fallback,0.0
original_test_revealed,Sonne,174,0,legacy_a1_ensemble_hamer_fallback,0.0
original_test_revealed,Sonne,176,0,legacy_a1_ensemble_hamer_fallback,0.0
original_test_revealed,Sonne,178,0,legacy_a1_ensemble_hamer_fallback,0.0
original_test_revealed,Sonne,180,0,legacy_a1_ensemble_hamer_fallback,0.0
original_test_revealed,Sonne,182,0,legacy_a1_ensemble_hamer_fallback,0.0
original_test_revealed,Sonne,184,0,legacy_a1_ensemble_hamer_fallback,0.0
original_test_revealed,Sonne,186,0,legacy_a1_ensemble_hamer_fallback,0.0
original_test_revealed,Sonne,188,0,legacy_a1_ensemble_hamer_fallback,0.0
original_test_revealed,Sonne,190,0,legacy_a1_ensemble_hamer_fallback,0.0
original_test_revealed,Sonne,192,0,legacy_a1_ensemble_hamer_fallback,0.0
original_test_revealed,Sonne,194,0,legacy_a1_ensemble_hamer_fallback,0.0
original_test_revealed,Sonne,196,0,legacy_a1_ensemble_hamer_fallback,0.0
original_test_revealed,Sorry,144,3,m1_alpha_3p0,-6.418972015380859
original_test_revealed,Sorry,146,3,m1_alpha_3p0,-11.84747314453125
original_test_revealed,Sorry,148,3,m1_alpha_3p0,-3.736949920654297
original_test_revealed,Sorry,150,3,m1_alpha_3p0,-10.05263900756836
original_test_revealed,Sorry,152,3,m1_alpha_3p0,-3.3946380615234375
original_test_revealed,Sorry,154,3,m1_alpha_3p0,2.7644424438476562
original_test_revealed,Sorry,156,3,m1_alpha_3p0,-3.027912139892578
original_test_revealed,Sorry,158,3,m1_alpha_3p0,-5.206340789794922
original_test_revealed,Sorry,160,3,m1_alpha_3p0,-11.698112487792969
original_test_revealed,Sorry,162,3,m1_alpha_3p0,-12.982452392578125
original_test_revealed,Sorry,164,3,m1_alpha_3p0,-3.4350662231445312
original_test_revealed,Sorry,166,3,m1_alpha_3p0,-1.9972381591796875
original_test_revealed,Sorry,168,3,m1_alpha_3p0,-7.284732818603516
original_test_revealed,Sorry,170,3,m1_alpha_3p0,-9.189754486083984
original_test_revealed,Sorry,172,3,m1_alpha_3p0,11.423240661621094
original_test_revealed,Sorry,174,3,m1_alpha_3p0,-10.70321273803711
original_test_revealed,Sorry,176,3,m1_alpha_3p0,-9.71994400024414
original_test_revealed,Sorry,178,3,m1_alpha_3p0,-5.963558197021484
original_test_revealed,Sorry,180,3,m1_alpha_3p0,-1.9077987670898438
original_test_revealed,Sorry,182,3,m1_alpha_3p0,-3.5546417236328125
original_test_revealed,Sorry,184,3,m1_alpha_3p0,-12.179649353027344
original_test_revealed,Sorry,186,3,m1_alpha_3p0,7.288993835449219
original_test_revealed,Sorry,188,3,m1_alpha_3p0,2.1459693908691406
original_test_revealed,Sorry,190,3,m1_alpha_3p0,-9.342399597167969
original_test_revealed,Sorry,192,3,m1_alpha_3p0,-10.737068176269531
original_test_revealed,Sorry,194,3,m1_alpha_3p0,-7.805042266845703
original_test_revealed,SparenSparsam,133,1,m1_alpha_1p0,-2.9533920288085938
original_test_revealed,SparenSparsam,135,1,m1_alpha_1p0,-3.3394927978515625
original_test_revealed,SparenSparsam,137,1,m1_alpha_1p0,-3.387195587158203
original_test_revealed,SparenSparsam,139,1,m1_alpha_1p0,-3.3980655670166016
original_test_revealed,SparenSparsam,141,1,m1_alpha_1p0,-0.8221473693847656
original_test_revealed,SparenSparsam,143,1,m1_alpha_1p0,-2.4603700637817383
original_test_revealed,SparenSparsam,145,1,m1_alpha_1p0,-4.098720550537109
original_test_revealed,SparenSparsam,147,1,m1_alpha_1p0,-3.280384063720703
original_test_revealed,SparenSparsam,149,1,m1_alpha_1p0,-3.6673583984375
original_test_revealed,SparenSparsam,151,1,m1_alpha_1p0,-0.186370849609375
original_test_revealed,SparenSparsam,153,1,m1_alpha_1p0,-3.700960159301758
original_test_revealed,SparenSparsam,155,1,m1_alpha_1p0,-3.7951622009277344
original_test_revealed,SparenSparsam,157,1,m1_alpha_1p0,-3.9099950790405273
original_test_revealed,SparenSparsam,159,1,m1_alpha_1p0,3.600055694580078
original_test_revealed,SparenSparsam,161,1,m1_alpha_1p0,-3.3304738998413086
original_test_revealed,SparenSparsam,163,1,m1_alpha_1p0,1.6386737823486328
original_test_revealed,SparenSparsam,165,1,m1_alpha_1p0,-2.4528560638427734
original_test_revealed,SparenSparsam,167,1,m1_alpha_1p0,-4.027593612670898
original_test_revealed,SparenSparsam,169,1,m1_alpha_1p0,-1.736928939819336
original_test_revealed,SparenSparsam,171,1,m1_alpha_1p0,-3.057931900024414
original_test_revealed,SparenSparsam,173,1,m1_alpha_1p0,-1.9148082733154297
original_test_revealed,SparenSparsam,175,1,m1_alpha_1p0,-4.211782455444336
original_test_revealed,SparenSparsam,177,1,m1_alpha_1p0,4.068960189819336
original_test_revealed,SparenSparsam,179,1,m1_alpha_1p0,-3.630354881286621
original_test_revealed,SparenSparsam,181,1,m1_alpha_1p0,-1.8903884887695312
original_test_revealed,SparenSparsam,183,1,m1_alpha_1p0,0.9144535064697266
original_test_revealed,SparenSparsam,185,1,m1_alpha_1p0,-3.915346145629883
original_test_revealed,SparenSparsam,187,1,m1_alpha_1p0,-4.084458351135254
original_test_revealed,SparenSparsam,189,1,m1_alpha_1p0,-2.8139724731445312
original_test_revealed,Spezial,125,1,m1_alpha_1p0,-1.0706844329833984
original_test_revealed,Spezial,127,1,m1_alpha_1p0,0.14400577545166016
original_test_revealed,Spezial,129,1,m1_alpha_1p0,0.28362560272216797
original_test_revealed,Spezial,131,1,m1_alpha_1p0,-0.6304388046264648
original_test_revealed,Spezial,133,1,m1_alpha_1p0,-1.2606782913208008
original_test_revealed,Spezial,135,1,m1_alpha_1p0,-2.112030029296875
original_test_revealed,Spezial,137,1,m1_alpha_1p0,-1.3399572372436523
original_test_revealed,Spezial,139,1,m1_alpha_1p0,-1.6767768859863281
original_test_revealed,Spezial,141,1,m1_alpha_1p0,-0.9339771270751953
original_test_revealed,Spezial,143,1,m1_alpha_1p0,-0.7473897933959961
original_test_revealed,Spezial,145,1,m1_alpha_1p0,-0.6117429733276367
original_test_revealed,Spezial,147,1,m1_alpha_1p0,-0.6923589706420898
original_test_revealed,Spezial,149,1,m1_alpha_1p0,-0.6019163131713867
original_test_revealed,Spezial,151,1,m1_alpha_1p0,-0.6399898529052734
original_test_revealed,Spezial,153,1,m1_alpha_1p0,-0.8295497894287109
original_test_revealed,Spezial,155,1,m1_alpha_1p0,-0.6425333023071289
original_test_revealed,Spezial,157,1,m1_alpha_1p0,-0.6272287368774414
original_test_revealed,Spezial,159,1,m1_alpha_1p0,-0.7239980697631836
original_test_revealed,Spezial,161,1,m1_alpha_1p0,-0.20172405242919922
original_test_revealed,Spezial,163,1,m1_alpha_1p0,-0.5122814178466797
original_test_revealed,Tisch,143,1,m1_alpha_1p0,0.798583984375
original_test_revealed,Tisch,145,1,m1_alpha_1p0,1.6922340393066406
original_test_revealed,Tisch,147,1,m1_alpha_1p0,1.7747220993041992
original_test_revealed,Tisch,149,1,m1_alpha_1p0,-0.8913602828979492
original_test_revealed,Tisch,151,1,m1_alpha_1p0,2.3453006744384766
original_test_revealed,Tisch,153,1,m1_alpha_1p0,-0.4966411590576172
original_test_revealed,Tisch,155,1,m1_alpha_1p0,1.5124216079711914
original_test_revealed,Tisch,157,1,m1_alpha_1p0,1.2541828155517578
original_test_revealed,Tisch,159,1,m1_alpha_1p0,-0.5975227355957031
original_test_revealed,Tisch,161,1,m1_alpha_1p0,-0.9787588119506836
original_test_revealed,Tisch,163,1,m1_alpha_1p0,-1.964395523071289
original_test_revealed,Tisch,165,1,m1_alpha_1p0,-1.9078607559204102
original_test_revealed,Tisch,167,1,m1_alpha_1p0,-1.5859184265136719
original_test_revealed,Vater,151,3,m1_alpha_3p0,-11.6827392578125
original_test_revealed,Vater,153,3,m1_alpha_3p0,-1.5126762390136719
original_test_revealed,Vater,155,3,m1_alpha_3p0,-8.841140747070312
original_test_revealed,Vater,157,3,m1_alpha_3p0,-2.709545135498047
original_test_revealed,Vater,159,3,m1_alpha_3p0,-7.898735046386719
original_test_revealed,Vater,161,3,m1_alpha_3p0,-3.990222930908203
original_test_revealed,Vater,163,3,m1_alpha_3p0,6.536746978759766
original_test_revealed,Vater,165,3,m1_alpha_3p0,-7.480751037597656
original_test_revealed,Vater,167,3,m1_alpha_3p0,4.1156768798828125
original_test_revealed,Vater,169,3,m1_alpha_3p0,-6.80194091796875
original_test_revealed,Vater,171,3,m1_alpha_3p0,-5.491275787353516
original_test_revealed,Vater,173,3,m1_alpha_3p0,4.110431671142578
original_test_revealed,Vater,175,3,m1_alpha_3p0,-11.962154388427734
original_test_revealed,Vater,177,3,m1_alpha_3p0,-10.177921295166016
original_test_revealed,Vater,179,3,m1_alpha_3p0,-0.7968330383300781
original_test_revealed,Vater,181,3,m1_alpha_3p0,-0.9573707580566406
original_test_revealed,Vater,183,3,m1_alpha_3p0,-10.38614273071289
original_test_revealed,Vater,185,3,m1_alpha_3p0,5.1374664306640625
original_test_revealed,Vater,187,3,m1_alpha_3p0,-9.893497467041016
original_test_revealed,Vater,189,3,m1_alpha_3p0,8.30850601196289
original_test_revealed,Vater,191,3,m1_alpha_3p0,-9.306865692138672
original_test_revealed,Vater,193,3,m1_alpha_3p0,-2.671276092529297
original_test_revealed,Vater,195,3,m1_alpha_3p0,-2.216472625732422
original_test_revealed,Vater,197,3,m1_alpha_3p0,6.117313385009766
original_test_revealed,Vater,199,3,m1_alpha_3p0,-8.426265716552734
original_test_revealed,Vater,201,3,m1_alpha_3p0,-3.12249755859375
original_test_revealed,Vater,203,3,m1_alpha_3p0,0.9246826171875
original_test_revealed,Verschieden,142,0,legacy_a1_ensemble_hamer_fallback,0.0
original_test_revealed,Verschieden,144,0,legacy_a1_ensemble_hamer_fallback,0.0
original_test_revealed,Verschieden,146,0,legacy_a1_ensemble_hamer_fallback,0.0
original_test_revealed,Verschieden,148,0,legacy_a1_ensemble_hamer_fallback,0.0
original_test_revealed,Verschieden,150,0,legacy_a1_ensemble_hamer_fallback,0.0
original_test_revealed,Verschieden,152,0,legacy_a1_ensemble_hamer_fallback,0.0
original_test_revealed,Verschieden,154,0,legacy_a1_ensemble_hamer_fallback,0.0
original_test_revealed,Verschieden,156,0,legacy_a1_ensemble_hamer_fallback,0.0
original_test_revealed,Verschieden,158,0,legacy_a1_ensemble_hamer_fallback,0.0
original_test_revealed,Verschieden,160,0,legacy_a1_ensemble_hamer_fallback,0.0
original_test_revealed,Verschieden,162,0,legacy_a1_ensemble_hamer_fallback,0.0
original_test_revealed,Verschieden,164,0,legacy_a1_ensemble_hamer_fallback,0.0
original_test_revealed,Verschieden,166,0,legacy_a1_ensemble_hamer_fallback,0.0
original_test_revealed,Verschieden,168,0,legacy_a1_ensemble_hamer_fallback,0.0
original_test_revealed,Verschieden,170,0,legacy_a1_ensemble_hamer_fallback,0.0
original_test_revealed,Verschieden,172,0,legacy_a1_ensemble_hamer_fallback,0.0
original_test_revealed,Verschieden,174,0,legacy_a1_ensemble_hamer_fallback,0.0
original_test_revealed,Verschieden,176,0,legacy_a1_ensemble_hamer_fallback,0.0
original_test_revealed,Verschieden,178,0,legacy_a1_ensemble_hamer_fallback,0.0
original_test_revealed,Verschieden,180,0,legacy_a1_ensemble_hamer_fallback,0.0
original_test_revealed,Verschieden,182,0,legacy_a1_ensemble_hamer_fallback,0.0
original_test_revealed,Verschieden,184,0,legacy_a1_ensemble_hamer_fallback,0.0
original_test_revealed,Verschieden,186,0,legacy_a1_ensemble_hamer_fallback,0.0
original_test_revealed,Verschieden,188,0,legacy_a1_ensemble_hamer_fallback,0.0
original_test_revealed,Verschieden,190,0,legacy_a1_ensemble_hamer_fallback,0.0
original_test_revealed,Verschieden,192,0,legacy_a1_ensemble_hamer_fallback,0.0
original_test_revealed,Verschieden,194,0,legacy_a1_ensemble_hamer_fallback,0.0
original_test_revealed,Verschieden,196,0,legacy_a1_ensemble_hamer_fallback,0.0
original_test_revealed,Verschieden,198,0,legacy_a1_ensemble_hamer_fallback,0.0
original_test_revealed,Verschieden,200,0,legacy_a1_ensemble_hamer_fallback,0.0
original_test_revealed,Verschieden,202,0,legacy_a1_ensemble_hamer_fallback,0.0
original_test_revealed,Verschieden,204,0,legacy_a1_ensemble_hamer_fallback,0.0
original_test_revealed,Verschieden,206,0,legacy_a1_ensemble_hamer_fallback,0.0
original_test_revealed,Verschieden,208,0,legacy_a1_ensemble_hamer_fallback,0.0
original_test_revealed,Verschieden,210,0,legacy_a1_ensemble_hamer_fallback,0.0
original_test_revealed,Verschieden,212,0,legacy_a1_ensemble_hamer_fallback,0.0
original_test_revealed,Verschieden,214,0,legacy_a1_ensemble_hamer_fallback,0.0
original_test_revealed,Verschieden,216,0,legacy_a1_ensemble_hamer_fallback,0.0
original_test_revealed,Verschieden,218,0,legacy_a1_ensemble_hamer_fallback,0.0
original_test_revealed,Verschieden,220,0,legacy_a1_ensemble_hamer_fallback,0.0
original_test_revealed,Verschieden,222,0,legacy_a1_ensemble_hamer_fallback,0.0
original_test_revealed,Waschen,131,0,legacy_a1_ensemble_hamer_fallback,0.0
original_test_revealed,Waschen,133,0,legacy_a1_ensemble_hamer_fallback,0.0
original_test_revealed,Waschen,135,0,legacy_a1_ensemble_hamer_fallback,0.0
original_test_revealed,Waschen,137,0,legacy_a1_ensemble_hamer_fallback,0.0
original_test_revealed,Waschen,139,0,legacy_a1_ensemble_hamer_fallback,0.0
original_test_revealed,Waschen,141,0,legacy_a1_ensemble_hamer_fallback,0.0
original_test_revealed,Waschen,143,0,legacy_a1_ensemble_hamer_fallback,0.0
original_test_revealed,Waschen,145,0,legacy_a1_ensemble_hamer_fallback,0.0
original_test_revealed,Waschen,147,0,legacy_a1_ensemble_hamer_fallback,0.0
original_test_revealed,Waschen,149,0,legacy_a1_ensemble_hamer_fallback,0.0
original_test_revealed,Waschen,151,0,legacy_a1_ensemble_hamer_fallback,0.0
original_test_revealed,Waschen,153,0,legacy_a1_ensemble_hamer_fallback,0.0
original_test_revealed,Waschen,155,0,legacy_a1_ensemble_hamer_fallback,0.0
original_test_revealed,Waschen,157,0,legacy_a1_ensemble_hamer_fallback,0.0
original_test_revealed,Waschen,159,0,legacy_a1_ensemble_hamer_fallback,0.0
original_test_revealed,Waschen,161,0,legacy_a1_ensemble_hamer_fallback,0.0
original_test_revealed,Waschen,163,0,legacy_a1_ensemble_hamer_fallback,0.0
original_test_revealed,Waschen,165,0,legacy_a1_ensemble_hamer_fallback,0.0
original_test_revealed,Waschen,167,0,legacy_a1_ensemble_hamer_fallback,0.0
original_test_revealed,Waschen,169,0,legacy_a1_ensemble_hamer_fallback,0.0
original_test_revealed,Waschen,171,0,legacy_a1_ensemble_hamer_fallback,0.0
original_test_revealed,Waschen,173,0,legacy_a1_ensemble_hamer_fallback,0.0
original_test_revealed,Waschen,175,0,legacy_a1_ensemble_hamer_fallback,0.0
original_test_revealed,Waschen,177,0,legacy_a1_ensemble_hamer_fallback,0.0
original_test_revealed,Waschen,179,0,legacy_a1_ensemble_hamer_fallback,0.0
original_test_revealed,Waschen,181,0,legacy_a1_ensemble_hamer_fallback,0.0
original_test_revealed,Waschen,183,0,legacy_a1_ensemble_hamer_fallback,0.0
original_test_revealed,Waschen,185,0,legacy_a1_ensemble_hamer_fallback,0.0
original_test_revealed,Waschen,187,0,legacy_a1_ensemble_hamer_fallback,0.0
original_test_revealed,Ziel,126,1,m1_alpha_1p0,0.5367288589477539
original_test_revealed,Ziel,128,1,m1_alpha_1p0,0.570734977722168
original_test_revealed,Ziel,130,1,m1_alpha_1p0,0.6291084289550781
original_test_revealed,Ziel,132,1,m1_alpha_1p0,0.7727909088134766
original_test_revealed,Ziel,134,1,m1_alpha_1p0,0.5596199035644531
original_test_revealed,Ziel,136,1,m1_alpha_1p0,1.1996383666992188
original_test_revealed,Ziel,138,1,m1_alpha_1p0,0.7152347564697266
original_test_revealed,Ziel,140,1,m1_alpha_1p0,0.6378622055053711
original_test_revealed,Ziel,142,1,m1_alpha_1p0,0.8221340179443359
original_test_revealed,Ziel,144,1,m1_alpha_1p0,1.1718988418579102
original_test_revealed,Ziel,146,1,m1_alpha_1p0,1.0588722229003906
original_test_revealed,Ziel,148,1,m1_alpha_1p0,0.4797954559326172
original_test_revealed,Ziel,150,1,m1_alpha_1p0,0.8118534088134766
original_test_revealed,Ziel,152,1,m1_alpha_1p0,0.9739446640014648
original_test_revealed,Ziel,154,1,m1_alpha_1p0,1.2375297546386719
original_test_revealed,Ziel,156,1,m1_alpha_1p0,0.9967832565307617
original_test_revealed,Ziel,158,1,m1_alpha_1p0,1.7479028701782227
original_test_revealed,Ziel,160,1,m1_alpha_1p0,1.2433671951293945
original_test_revealed,Ziel,162,1,m1_alpha_1p0,0.8405065536499023
original_test_revealed,Ziel,164,1,m1_alpha_1p0,0.8016939163208008
original_test_revealed,Ziel,166,1,m1_alpha_1p0,0.9558382034301758
original_test_revealed,Ziel,168,1,m1_alpha_1p0,0.7206020355224609
original_test_revealed,Ziel,170,1,m1_alpha_1p0,0.6928310394287109
original_test_revealed,Ziel,172,1,m1_alpha_1p0,0.8401031494140625
original_test_revealed,Ziel,174,1,m1_alpha_1p0,0.9197196960449219
original_test_revealed,Ziel,176,1,m1_alpha_1p0,0.6744794845581055
original_test_revealed,Ziel,178,1,m1_alpha_1p0,0.982635498046875
original_test_revealed,Ziel,180,1,m1_alpha_1p0,1.2943572998046875
original_test_revealed,Ziel,182,1,m1_alpha_1p0,1.1765289306640625
original_test_revealed,Ziel,184,1,m1_alpha_1p0,1.0141639709472656
